symptom_text,disease_label
"continuous_sneezing,chills,fatigue,cough,headache,swelled_lymph_nodes,malaise,phlegm,throat_irritation,redness_of_eyes,sinus_pressure,runny_nose,congestion,chest_pain,loss_of_smell,muscle_pain",common cold
"Along with a persistent cough, weakness in my arms and legs, and severe back pain, I've been having a lot of trouble. I've experienced issues with vertigo and balance loss, and my neck is hurting.",cervical spondylosis
I've had a bad cold for a few days. I've been coughing up phlegm and my chest hurts. I can't smell anything and my muscles are sore.,common cold
"I have to use the restroom frequently to relieve myself, but I can't seem to get my bladder empty. I occasionally get severe, uncontrolled desires to urinate, as well as black or crimson urine.",urinary tract infection
I have difficulty breathing especially during physical activity. I have unusual sweating and flushing. I frequently get yeast infections,diabetes
I feel uneasiness after eating and usually vomit whatever I've eaten. I always have this pain in my abdomen and have really bad acid reflux,Gastroesophageal Reflux Disease
"I'm feeling really lightheaded and dizzy when I have a temperature. My mind is completely muddled, and my heart is racing. I find it difficult to think clearly, and everything seems quite hazy.",drug reaction
"My skin is irritated and inflamed. Sometimes, they can flake. My lips and cheeks expand, and it is really unpleasant. Because of the puffing, I occasionally have headaches and wet eyes.",allergy
"I have breathing problems and become out of breath easily. My eyes ache, I have a dry, hacking cough, and my face and body are bloated.",allergy
"I have a rash on my back and chest, and my entire body itches. My skin may be dry and flaky at times, which frequently leaves marks on my body.",drug reaction
My pee smells strongly and is cloudy in appearance. I've had high temperatures and a regular urge to urinate at night since these symptoms first materialised.,urinary tract infection
"I have both bloating and unease. I no longer like eating because I've been losing weight. I sometimes vomit blood and have tarry, black stools.",Peptic Ulcer Disease
"I have a fever, headache, and a rash on my arms and face. I'm really worried about it. I also have red sores near my nose.",impetigo
"The veins in my legs are causing discomfort and difficulty sleeping at night. They are swollen and protruding from my skin, making them noticeable and painful.",varicose veins
I've been feeling really tired and sick to my stomach. I've also been losing weight and have a fever. My urine is dark and my skin has turned yellow. I've also been having stomach pain.,jaundice
"I have a lot of pain in my legs, especially when I stand for long periods of time. The skin around my veins is red and inflamed, and it is itchy. I also get regular cramps.",varicose veins
"I've been losing weight, feeling really tired, and throwing up a lot. My skin has turned yellow, and I have a fever. My urine is dark, and I've been having stomach pain.",jaundice
I feel tired every day. There are red spots all over my arms and back and it itches if I touch them. I am really worried and not sure what to do.,chicken pox
"I have a rash all over my body. It's red and swollen, and it's worse in some places, like my arms and legs. I also don't feel like eating.",dengue
"I've been experiencing difficulty breathing, a chronic cough, and weariness. I've been producing a lot of thick, mucoid sputum while also running a very high temperature. Due to having to cope with all of this, I'm simply feeling extremely worn out and exhausted.",bronchial asthma
I've been having headaches and my vision has been blurry.,migraine
"I have a really high fever, and I have problems breathing. My heart is racing quite quickly, I'm perspiring a lot, and I feel chilly and exhausted. I'm also about to cough out some brownish phlegm.",pneumonia
I have been having a lot of pain in my joints and muscles. My neck is stiff and I have a hard time moving around. I also have a lot of pain when I try to steer my car.,arthritis
I have rashes and skin irritations especially in the folds of my skin. My cuts and bruises don't heal very quickly either.,diabetes
"I've been feeling really sick lately. I have a high fever, chills, and severe itching. I've also been vomiting and sweating a lot. I have a headache and my muscles are sore.",malaria
I always feel exhausted and have a tickle in my throat. My skin has also started to feel dry. I occasionally get ocular swelling.,allergy
"I've been feeling really sick lately. I've had a fever, chills, fatigue, a cough, and difficulty breathing. I've also been sweating a lot and just feeling really weak. I've also had some phlegm that's been really thick and dark.",pneumonia
"fatigue,weight_loss,restlessness,lethargy,irregular_sugar_level,blurred_and_distorted_vision,excessive_hunger,increased_appetite,polyuria",diabetes
I have developed a skin rash on my face and neck. The rash is made up of red sores that are blistering. I am worried about my health.,impetigo
I have terrible mental clarity and find it difficult to stay focused. I regularly forget things and have problems remembering things. I also have trouble concentrating and find it difficult to pay attention.,drug reaction
"Along with a high fever, I've had chills, vomiting, and severe itching. Along with my headache and excessive sweating, I've been feeling awful with nausea and muscle ache.",malaria
"I have been experiencing acidity, indigestion, headaches, and blurred and distorted vision, as well as excessive hunger, a stiff neck, depression, irritability, and visual disturbance.",migraine
"My sinuses feel incredibly congested, and my eyes are continuously red. I just constantly feel drained and exhausted. In addition, I have a lot of uncomfortable phlegm in my throat. My lymph nodes feel bloated, and breathing has been challenging.",common cold
I have been feeling itchy and have been vomiting. I am also very fatigued and have lost weight. My fever is high and my skin has become yellow. My urine is dark and I have abdominal pain,jaundice
I have increased thirst and frequent urination. I often have a dry mouth and throat. Recently I have been having increased hunger and appetite,diabetes
I've been feeling sick for a few days. I have a sore throat and my nose is running. I've also been having trouble swallowing.,allergy
"I've had a pretty uncomfortable itch all over my body, as well as red and bumpy areas on my skin. There are also certain patches of my epidermis with a distinct shade than the rest of it, and I've had some pimples that resemble little balls.",fungal infection
"My balance has been off, and I have a headache, chest pain, and dizziness. I've also observed that it's hard for me to concentrate.",hypertension
"I have a cough that has been going on for a few days, and I feel really weak and tired. I have a high fever, and my breathing is getting harder. I also cough up a lot of mucus.",bronchial asthma
"Strong itchiness, chills, nausea, and a high fever are all part of my current condition. In addition, I have a headache and have been perspiring a lot. I've been suffering from nausea as well as muscle ache.",malaria
"I've been having a fever, chills, and nausea. I've also been sweating a lot and have a headache. My muscles are sore and I've been scratching a lot.",malaria
"I have a high fever, severe itching, chills, and vomiting. I also have a headache and have been perspiring a lot. Additionally hurting me have been nausea and muscle soreness.",malaria
"I've been getting frequent headaches and hazy vision, as well as acid reflux and indigestion after meals.",migraine
"fatigue,weight_loss,restlessness,irregular_sugar_level,blurred_and_distorted_vision,obesity,excessive_hunger,increased_appetite,polyuria",diabetes
"I have a fever and chills, and my whole body is aching. I also have a loss of appetite and some red spots on my back and neck.",dengue
I have a stuffy nose and nasal congestion. I sometimes have a stiff neck and chest discomfort at night. I can't taste or smell anything.,allergy
I have a rash on my arms and neck that itches like crazy. I've been feeling really uncomfortable all day.,chicken pox
I have sore throat and I am sneezing all the time. Sometimes I have swelling on my face like my lips and near my eyes. I just cant stop sneezing once I start sneezing,allergy
I've been experiencing bowel movements that are both constipated and diarrhoeic. I often lack the will to eat and energy.,Peptic Ulcer Disease
"I have a stomach ache that keeps me from falling or staying asleep. After using the restroom, I feel worn out and lose interest in food. I'm constantly pretty anxious.",Peptic Ulcer Disease
I have sores on my face. They are red and crusty. They are mostly around my nose and lips. They are painful and there is a yellow or rust-colored fluid coming out of them.,impetigo
"My hunger and appetite are persistent and ravenous. Periodically, my stomach may cramp and spasm. After eating, I have bloating and gas, which makes me quite uncomfortable.",Peptic Ulcer Disease
"I am currently dealing with a number of health issues, including a dry cough, difficulty breathing, a high fever, and increased mucus production. I am also feeling very weak and tired",bronchial asthma
"Extreme itchiness, nausea, and fatigue have been troubling me. In moreover, I experienced a fever and lost weight. My pee is black, and I've developed a yellow rash. The ache in my stomach is also present.",jaundice
I can't stop coughing and I feel really cold. My sinuses are all blocked and I have a lot of mucus. My chest hurts and I can't smell anything. My muscles are also really sore.,common cold
"I've had a high fever, chills, and intense itching. In addition, I have a headache and am perspiring a lot. My muscles hurt a lot, and I feel sick.",malaria
I've been feeling really weak in my muscles lately and my neck has been really stiff. My joints have been swelling up and it's hard for me to move around without feeling stiff. Walking has been really painful too.,arthritis
"itching,skin_rash,nodal_skin_eruptions",fungal infection
I'm having a hard time breathing and I feel really uncomfortable. I'm sweating a lot and there's a lot of phlegm in my throat. My chest hurts and my heart is beating fast. The mucus I'm coughing up is brownish.,pneumonia
"I've been having intermittent coughing fits, significant back pain, and limb weakness. I've been experiencing neck pain as well as a dizzy and unsteady sensation.",cervical spondylosis
"I have been suffering from intense itching, vomiting, fatigue, and weight loss. My fever is high and my skin has turned yellow. My urine is dark and I have been experiencing abdominal pain",jaundice
"I've been encountering poor balance, a headache, chest pain, and dizziness. My ability to pay attention and focus has also been problematic.",hypertension
"My skin is really itchy, and it sometimes breaks out into a rash. I also have some weird areas of skin that are a different color than the rest of me, and sometimes I get little bumps that look like nodules.",fungal infection
"My genital skin is red and irritated. It is frequently irritating, burning, and unpleasant. There are also rashes in various places of the body. Also, I have a strange pain in my joints.",psoriasis
"I have a rash on my face and sores near my nose. The sores are red, painful, and have a yellow ooze.",impetigo
"I've been having frequent urges to urinate, but when I go to the bathroom, I only pass a little bit of urine. It also hurts when I pee, and my urine is cloudy and has a strong smell. I've also been feeling nauseous and have been vomiting.",urinary tract infection
"Along with excessive appetite, a stiff neck, depression, impatience, and visual disturbance, I've also been having indigestion, headaches, blurred vision, and acid reflux. These symptoms have been bothering me and interfering with my usual activities.",migraine
I have a fever and my back hurts. I also have rashes on my arms and neck and the back of my eyes hurt. I am worried about my health.,dengue
I'm having trouble breathing and I'm sweating a lot. I feel really sick and my throat is full of phlegm. My chest hurts and my heart is racing. I'm coughing up a lot of mucus and it's red in color.,pneumonia
"Lately I've been experiencing constipation, pain during bowel movements, and pain in my anus. My stool has also been really bloody and my anus has been really irritated.",Dimorphic Hemorrhoids
I'm having trouble breathing. I'm sweating a lot and I don't feel well. My chest hurts and I have a lot of mucus in my throat. I'm coughing up phlegm that's a weird color.,pneumonia
"I've had a low grade fever for the past four days, and my urine has been bloody. It smells really bad, and my head hurts. I can't control when I have to pee, and I have to go all the time.",urinary tract infection
I have been feeling very sick lately. I have been vomiting and have a high fever. I have also lost a lot of weight and my skin has become yellow. I have been feeling very tired and have been having abdominal pain.,jaundice
"I've been experiencing a lot of problems with my bowel motions recently. It's difficult to go, and it hurts when I do. My anus is quite painful, and it has been bleeding whenever I go. It's excruciatingly painful, and I'm quite uneasy.",Dimorphic Hemorrhoids
I've been having a lot of headaches and dizziness lately. I also feel like I'm not able to focus as well as I used to.,hypertension
"I have been feeling extremely tired and weak, and I've also been coughing a lot with difficulty breathing. My fever is very high, and I'm producing a lot of mucus when I cough.",bronchial asthma
"I've been having headaches, chest pain, dizziness, and trouble concentrating. I'm also feeling off balance.",hypertension
"I am experiencing constipation and stomach ache, which has been really difficult. The discomfort has gotten worse, and it is seriously interfering with my everyday life.",typhoid
"I have been suffering from back pain, a hacking cough, and weakness in my arms and legs. Additionally, my neck hurts and I have had issues with dizziness and maintaining my balance.",cervical spondylosis
"I have been struggling with a headache that feels like a tight band around my head, along with chest pain and dizziness.",hypertension
"I've been experiencing problems using the restroom recently. It's quite difficult for me to go, and it hurts when I do. I've also been experiencing buttock soreness and bloody stools. My anus has also been quite itching and sensitive.",Dimorphic Hemorrhoids
I can't stop sneezing and I feel really tired and crummy. My throat is really sore and I have a lot of gunky stuff in my nose and throat. My neck feels swollen and puffy too.,common cold
"I've been having a lot of itching, nausea, and fatigue. I've also been running a fever and losing weight. My pee is black, and I've developed a yellow rash. My stomach hurts, too.",jaundice
"I've been experiencing severe itching, chills, vomiting, and a high fever. In addition, I have a headache and am perspiring a lot. I've also been bothered by nausea and muscular ache.",malaria
"My mouth and throat are dry. Additionally, I've been growing increasingly hungry. However, I do get periodic bouts of exhaustion.",diabetes
I have been having severe muscle pain for the past few days. It feels like a constant ache. There are also red spots all over my body and the itching is really bad.,dengue
I have been feeling really sick lately. I have been vomiting and have a high fever. My skin has turned yellow and my urine is dark. I have also been experiencing abdominal pain. I am worried that I might have something serious.,jaundice
"itching,skin_rash,nodal_skin_eruptions,dischromic__patches",fungal infection
"I've been feeling really sick and exhausted lately. My throat is scratchy, and my nose is running a lot. I also have a headache and my neck feels swollen.",common cold
"The sores on my face are beginning to weep clear fluid. Also, every night I get a high fever and chills, because of which I cannot sleep all night.",impetigo
"I've been having a lot of trouble staying hydrated because of the vomiting and diarrhea. I have a high fever, constipation, and a headache. I am also starting to get a strange pain in my stomach area and I can't do anything physical.",typhoid
"I have been experiencing severe itching, vomiting, fatigue, and weight loss. My fever is high and my skin has turned yellow. My urine is dark and I have been experiencing abdominal pain",jaundice
I have unintended weight loss and difficulty gaining weight. I have pain and discomfort that is relieved by taking antacids. My mouth tastes very bad,Peptic Ulcer Disease
"I've been having a lot of problems with itching, and it's been accompanied by a rash that seems to be getting worse over time. There are also some patches of skin that are different colors than the rest, and I've noticed some bumps that look like little nodes.",fungal infection
My skin has now developed a revolting rash. There are pus-filled pimples and blackheads everywhere. My skin has also been really sensitive.,acne
"I've been feeling really sick. I have a high fever, chills, and severe itching. I've also been vomiting and having a headache. I'm also sweating a lot and feeling nauseous and achy.",malaria
"I have dry, scaly patches of skin on my knees, elbows, and scalp. These patches are often itchy and sometimes painful.",psoriasis
I have been having pain in my bladder and have been getting up to pee a lot.,urinary tract infection
The pain in my calves is constant and becomes worse when I stand or walk for long periods of time. I am getting constant cramps and can't run for longer periods of time.,varicose veins
"Constipation and bowel movement discomfort have been very common for me lately. The region surrounding my anus and I both ache a lot. My anus is really itchy, and my stool has been bloody.",Dimorphic Hemorrhoids
"I have a fever, headache, and red spots all over my body. The spots are itchy and swollen.",chicken pox
"I've been having a dry cough for a week, and I'm having trouble breathing. I feel weak and tired.",bronchial asthma
"My muscles have been quite weak, and my neck has been really stiff. My joints have swollen, making it difficult for me to walk about without becoming stiff. Walking has also been excruciatingly uncomfortable.",arthritis
"I have itchy, swollen skin that sometimes flakes. My cheeks and lips swell and it hurts a lot. I also get headaches and watery eyes from the puffing.",allergy
"I've been finding it challenging to use the restroom. Going has been quite difficult, and it aches when I do. When I go, my anus bleeds and is really uncomfortable. I'm in a lot of discomfort and it hurts extremely bad.",Dimorphic Hemorrhoids
"I've been having back pain, a persistent cough, and numbness in my arms and legs. I've also had trouble staying balanced and experiencing dizziness. My neck hurts, too.",cervical spondylosis
"I have heartburn and indigestion. I often vomit whatever I eat and have difficultly swallowing food, beacuse the food gets stuck in my throat. I have a nagging pain in my upper abdomen",Gastroesophageal Reflux Disease
"I feel queasy, nauseous, and dizzy. I have a swelling throat and am having breathing issues. I occasionally have chest discomfort and nausea at night.",allergy
"I have dry, flaky patches of skin that are prone to infection. My joints are in a lot of pain. The skin on my knees and elbows is starting to flake.",psoriasis
"vomiting,high_fever,sweating,headache,nausea,diarrhoea,muscle_pain",malaria
"I have red spots all over my body, and they are itchy. Some of the spots are a different color than my skin. I also have some lumps or pimples on my skin.",fungal infection
"Extreme itchiness, nausea, and exhaustion have been bothering me. In addition, I developed a fever and lost weight. My pee is black, and I've developed a yellow rash. The ache in my stomach is also present.",jaundice
"I've been experiencing chills, feel really exhausted, and my cough just won't go away. When I cough, my chest aches and my heart is pounding. It's a disgusting brownish hue, the mucous I'm coming up.",pneumonia
I've been feeling really exhausted and sick to my stomach. I've had a really bad cough and my throat has hurt a lot. I've experienced substantial sinus pressure and a congested nose. I'm really unpleasant and worn out.,common cold
"I've been experiencing severe body itchiness, along with chills and nausea. I've been perspiring a lot and have an extremely high fever. I feel sick to my stomach and have a headache. My muscles are hurting a lot.",malaria
I have sores on my face that are healing very slowly and are getting infected. The sores are large and painful to the touch. I can't seem to get rid of them.,impetigo
"Diabetes symptoms depend on how high your blood sugar is. Some people, especially if they have prediabetes, gestational diabetes or type 2 diabetes, may not have symptoms. In type 1 diabetes, symptoms tend to come on quickly and be more severe. prediabetes gestational diabetes type 2 diabetes type 1 diabetes Some of the symptoms of type 1 diabetes and type 2 diabetes are:  Feeling more thirsty than usual. Urinating often. Losing weight without trying. Presence of ketones in the urine. Ketones are a byproduct of the breakdown of muscle and fat that happens when there's not enough available insulin. Feeling tired and weak. Feeling irritable or having other mood changes. Having blurry vision. Having slow-healing sores. Getting a lot of infections, such as gum, skin and vaginal infections.  Type 1 diabetes can start at any age. But it often starts during childhood or teen years. Type 2 diabetes, the more common type, can develop at any age. Type 2 diabetes is more common in people older than 40. But type 2 diabetes in children is increasing.",diabetes
"I have experienced fatigue and a general feeling of malaise. I often feel tired and have a lack of energy, even after a good night's sleep.",psoriasis
"I have been feeling very sick for the past few days. I have been vomiting, having diarrhea, and feeling very tired. My skin has also turned yellow and my urine is dark. I am also experiencing abdominal pain.",jaundice
"I'm feeling really weak. I've been having a lot of stomach pain and constipation, and I've been vomiting a lot. I can't eat anything because of the pain.",typhoid
"I'm coughing nonstop and I'm shivering terribly. I have a stuffy nose and my face is under strain. In addition, my throat is coughing up some nasty gunk, and my chest hurts. My muscles hurt a lot, and I can't smell anything.",common cold
"I've been feeling very sick. I have a high fever, shortness of breath, and I'm sweating and shivering. I've also been coughing up a lot of brownish phlegm and my heart is racing.",pneumonia
"The veins on my calves have become very prominent and causing discomfort. I can't stand for long periods of time, as it causes pain in my legs, similar to cramps.",varicose veins
"My muscles have been quite weak, and my neck has been really stiff. My joints have swollen, making it difficult for me to move without becoming stiff. Walking has been quite uncomfortable as well.",arthritis
"I've been exhausted and experiencing nausea and itching. In addition, I've lost weight and have a temperature. My urine is dark, and my skin has turned yellow. Additionally, I've been having stomach pain.",jaundice
I have a rash all over my body that is itchy and painful. I also have a fever and feel tired.,chicken pox
"I unintentionally lose weight and find it challenging to gain it back. To relieve the pain and discomfort I feel, I take antacids. My mouth hurts so severely right now.",Peptic Ulcer Disease
I have been having rashes on my skin. The rash is itchy and bleeds when I scratch it. I have also noticed small dents in my nails.,psoriasis
"I have a lot of skin irritations and rashes, especially in the creases of my skin. Any wounds or bruises I have on my skin also heal very slowly.",diabetes
"The rash on my skin has spread to other parts of my body, including my chest and abdomen. It is itchy and uncomfortable, and it is often worse at night. I am also facing skin peeling.",psoriasis
"I'm always tired, my mouth tastes bad, and my throat itches. My muscles are hot and painful, and my whole body can cramp up sometimes.",allergy
"I've been feeling really sick lately. I've had a cough, chills, a high temperature, and I've been having trouble breathing. I've also been sweating a lot and feeling weak and tired. I've had some thick, black phlegm too. My heart has been racing too.",pneumonia
I have been experiencing a lot of itching and redness on my skin. I have also noticed that my nails are becoming brittle and have started to develop dents. I am worried that this could be a sign of something more serious.,psoriasis
"I've been having chest pain, dizziness, and a headache that feels like a constant pressure in my forehead.",hypertension
I have noticed that the sores are taking longer to heal and are more prone to infection. The sores on my face are swollen and tender to the touch and very uncomfortable to handle.,impetigo
"I've been vomiting a lot and I'm not hungry. My muscles, joints and back hurt all the time. I'm starting to have a fever too. I'm really worried and not sure what to do.",dengue
"I'm having trouble breathing, and my fever is really high. I'm drenched in sweat and shivering from the chill. My heart is thumping rapidly, and I'm quite exhausted. Additionally, I'm about to have some brownish phlegm.",pneumonia
"I've been experiencing neck pain, balance issues, and dizziness.",cervical spondylosis
"I have been vomiting frequently and have lost my appetite as a result. There are rashes on my skin and my eyes pain, because of which I cannot sleep properly.",dengue
"Recently, I've been having a lot of discomfort and difficulty using the restroom. Additionally, I've noticed that my anus has been quite sore and that my stool has been bloody.",Dimorphic Hemorrhoids
"There are rashy areas all over my skin, which has been really irritating. Additionally, I have some bumps that are fairly firm and some patches that are a different colour from the rest of my skin.",fungal infection
"I am experiencing a lot of belly pain and constipation, which has been really annoying. Sometimes, I feel a strong urge to vomit, and because of all of these, I am feeling very weak.",typhoid
"I've been vomiting and having diarrhea for a few days, and I'm having a hard time staying hydrated. I also have a mild fever and stomach pain.",typhoid
I have developed rashes on my body that are itchy and. I have lost my appetite and feel very tired all day. I feel something is wrong with my body.,dengue
"My muscles have been quite weak, and I've been coughing up phlegm along with significant back discomfort. In addition to feeling weak and disoriented, my neck has been hurting.",cervical spondylosis
I have a fever and red spots all over my body. I feel really tired and I don't want to eat anything. I'm worried about what's wrong with me.,chicken pox
"I often sneeze and have a runny nose. My eyes are scratchy and frequently runny, and I frequently cough. My head hurts constantly.",allergy
"I've started getting sores on my face and nose. I have no idea what is causing this. My cheek sores are large and irritating to the touch, and I have a burning feeling and skin redness.",impetigo
"I have been suffering from severe joint ache. I feel vomiting most of the time, and I am developing a moderate fever with chills. The fever that doesn't seem to come down even with medication.",dengue
"Along with my intense scratching, chills, nausea, and high fever, I've also been feeling really unwell. I have a headache and am also perspiring a lot. I've been uncomfortable from nausea and muscle ache, too.",malaria
"acidity,indigestion,headache,blurred_and_distorted_vision,excessive_hunger,stiff_neck,depression,visual_disturbances",migraine
"I'm suffering from severe itching, chills, vomiting, and a high fever. I've also been sweating a lot and have a headache. Nausea and muscle pain have also been causing me discomfort.",malaria
My muscles have been feeling weak and my joints have been swollen. It has been hard to move around and it hurts to walk.,arthritis
"I'm shedding hair, and it's getting thinner. My scalp is dry and itchy, and I have dandruff. My skin is also dry.",drug reaction
"I've been quite itchy recently, and I have rashy places all over my body. There are also some regions that don't appear to be the normal color of my skin, and I've experienced some firm lumps.",fungal infection
"UTIs don't always cause symptoms. When they do, they may include: UTI  A strong urge to urinate that doesn't go away A burning feeling when urinating Urinating often, and passing small amounts of urine Urine that looks cloudy Urine that appears red, bright pink or cola-colored — signs of blood in the urine Strong-smelling urine Pelvic pain, in women — especially in the center of the pelvis and around the area of the pubic bone  In older adults, UTIs may be overlooked or mistaken for other conditions. UTI Types of urinary tract infections Each type of UTI may result in more-specific symptoms. The symptoms depend on which part of the urinary tract is affected. UTI     Part of urinary tract affected Signs and symptoms      Kidneys   Back or side pain High fever Shaking and chills Nausea Vomiting     Bladder   Pelvic pressure Lower belly discomfort Frequent, painful urination Blood in urine     Urethra   Burning with urination Discharge",urinary tract infection
"My skin has been acting up recently, becoming extremely itchy and rashes-prone. Additionally, there are certain spots that deviate from my natural skin tone in terms of hue. And now my skin has these lumps or bumps that weren't there before.",fungal infection
"fatigue,cramps,bruising,obesity,swollen_legs,swollen_blood_vessels",varicose veins
The vomiting I have been experiencing is accompanied by stomach cramps and dizziness. I have lost my apetite and feel weak as a result. There is a pain behind my eyes too.,dengue
"Along with excessive appetite, a stiff neck, depression, impatience, and visual disturbance, I've also been having indigestion, headaches, blurred vision, and acid reflux.",migraine
My nasal sores have crusted up and become difficult to touch. The wounds used to leak a yellow-rust coloured fluid. It is taking a lot longer to deal with using medication.,impetigo
"Headache, chest discomfort, dizziness, lack of balance, and difficulty concentrating are some of the symptoms I've been having.",hypertension
I have a hard time concentrating and my emotions are all over the place. I feel like I'm in a fog and it's hard to do simple tasks.,diabetes
"Since I've been constipated, using the restroom has been quite challenging. When I do go, it aches and I've had blood in my stool. My anus has been quite itchy and irritating, and I've also been experiencing some discomfort in my butt.",Dimorphic Hemorrhoids
"Constipation and soreness with bowel motions have been bothering me lately. When I go, my anus bleeds and is really uncomfortable. I'm in a lot of discomfort and it hurts extremely bad.",Dimorphic Hemorrhoids
I frequently get a scratchy voice or a painful throat when I wake up. I have bad breath and a continual sore throat. I also vomit a lot.,Gastroesophageal Reflux Disease
"Along with distorted eyesight, excessive appetite, a painful neck, melancholy, irritability, and regular headaches, I have also been experiencing acid reflux, indigestion, and regular headaches.",migraine
I have a fever and I feel dizzy and lightheaded. My heart is beating very fast and I feel very confused. I can't think very clearly and everything feels foggy.,drug reaction
"My muscles area unit quite weak, and my neck has been terribly stiff. My joints have swollen, making it hard on behalf of Maine to steer regarding whereas not feeling stiff. Walking has put together been terribly uncomfortable.",arthritis
"I'm shaking and trembling all over. I've lost my sense of taste and smell, and I'm exhausted. I occasionally get palpitations or a speeding heart.",diabetes
"I've recently been suffering with chills, lethargy, a cough, a high temperature, and difficulties breathing. I've been sweating profusely and generally feeling ill and weak. I've also had some quite thick and black phlegm.",pneumonia
"itching,skin_rash,fatigue,lethargy,high_fever,loss_of_appetite,mild_fever,swelled_lymph_nodes,malaise,red_spots_over_body",chicken pox
"I have asthma and get wheezing and breathing issues. I also have fevers, headaches, and I'm always tired.",allergy
"I have lost my appetite completely and can't seem to eat anything. I feel like vomiting and feel exhausted. I noticed rashes on my skin, which is really concerning me.",chicken pox
"I always feel worn out, have unpleasant taste in my mouth, and have a really itchy throat. My muscles are also hot and hurting. Sometimes my whole body just cramps up.",allergy
"Because of the vomiting and diarrhea, I've been having a lot of difficulties staying hydrated. I have a high fever, as well as constipation and headache.",typhoid
"I've been sneezing incessantly and I just can't get this chill to go away. I feel so weak and exhausted, and my cough won't stop. My temperature is really high.",common cold
"I've been having trouble breathing, coughing, and feeling exhausted. I've been coughing up a lot of thick, mucusy stuff and have a fever. I'm just feeling really drained and tired.",bronchial asthma
I get a burning sensation when I pee. Sometimes a lot of pain and foul smelling urine. I have been getting more urges to urinate at night,urinary tract infection
I have been experiencing extreme fatigue and a high fever. There are rashes near my nose and mouth. The rash is itchy and makes it very difficult for me to sleep.,impetigo
"chills,vomiting,high_fever,sweating,headache,nausea,muscle_pain",malaria
I have blood in my urine and sometimes get nauseous when I pee. I also have a bad smell in my urine and sometimes get high temperatures at night. I'm worried about it. Can you help me?,urinary tract infection
I am overweight and have noticed that my legs are swollen and the blood vessels are visible. My legs have swollen and I can see a stream of swollen veins on my calves.,varicose veins
"I've been having trouble concentrating and focusing, and I've been feeling dizzy. I've also had a headache and chest pain.",hypertension
I have slow healing of wounds and cuts. I have this tingling sensation in my hand and numbness in both my hands and feet,diabetes
"My skin has developed a terrible rash that is not inherited. It has a lot of blackheads and pus-filled pimples. Furthermore, my skin has been exceedingly sensitive.",acne
I frequently feel the want to urinate and frequently have these strong cravings. I frequently feel woozy and bewildered. I've also had sight loss.,diabetes
"I have a skin rash that's red and inflamed, and it's spreading all over my body. I've been experiencing intense itching, especially on my arms and legs.",chicken pox
"I've been having trouble seeing things clearly, and it seems to be getting worse. I'm also really tired all the time, and I sometimes feel lightheaded and dizzy.",diabetes
"itching,vomiting,fatigue,weight_loss,high_fever,yellowish_skin,abdominal_pain",jaundice
"chills,vomiting,fatigue,high_fever,headache,nausea,constipation,diarrhoea,toxic_look_(typhos),belly_pain",typhoid
"All over my body, I've been scratching so much that my skin has become red and developed pimples. Additionally, I occasionally get these nodules that resemble little pimples, as well as these strange patches that are a different hue from the rest of my skin.",fungal infection
"Over the last two days, the rash on my face has gotten more severe and inflamed, and the blisters have begun to bleed clear pus. It is really painful to deal with.",impetigo
I've been feeling really run down lately. My sinuses are stuffy and my eyes are red. My throat is scratchy and I've been coughing up a lot of phlegm. I also have some swollen lymph nodes.,common cold
I have a silver like dusting on my skin and the skin on my arms and back is starting to peel off. This is strange and really concerning me.,psoriasis
"I struggle to focus and have emotional swings. At times, my head seems cloudy and foggy, making it challenging for me to do even simple tasks.",diabetes
"I have red, irritated skin on my arms, face, and back. It's often itchy and uncomfortable. My nails are also inflamed and have small dents in them. I've never seen anything like this before.",psoriasis
"I have been feeling extremely tired and fatigued, and I have no energy to do anything. I have developed rashes on my neck, which itch upon touching. ",dengue
"I've had a persistent cough for days, and I also have breathing problems. I'm so weak and exhausted, and my fever is through the roof. It's been very difficult to manage all of these symptoms, and I've also been coughing up a lot of mucus. I'm becoming so angry over everything.",bronchial asthma
"I've lost a lot of stuff because of my bloody stools, including iron and bloos. Because of this, I now have anaemia and usually feel fairly weak.",Peptic Ulcer Disease
I have a rash on my skin that is very uncomfortable. There are also some odd patches of a different color and some pimples that resemble little knots.,fungal infection
"I have a rash around my nose that is red and inflamed. The rash has caused my skin to become dry and flaky, and there is a yellow colored fluid coming out of the sores.",impetigo
"The veins on my legs are causing a lot of discomforts when I sit for long periods of time. They are swollen and protruding from my skin, making them painful and noticeable.",varicose veins
"I have been experiencing a headache, chest pain, dizziness, and difficulty maintaining my balance. I also feel like I am having trouble concentrating",hypertension
Lately I've been experiencing constipation and pain during bowel movements. My anus is really sore and it's been bleeding when I go. It's really painful and I'm really uncomfortable.,Dimorphic Hemorrhoids
"When I have a temperature, I feel pretty nauseous and lightheaded. My heart is pounding, and my mind is absolutely foggy. Everything feels a little hazy to me, and I'm having difficulties thinking clearly.",drug reaction
"My bowel motions are giving me a lot of problems right now. Going is difficult, and going hurts when I do it. When I go, my anus bleeds and is really uncomfortable. I'm in a lot of discomfort and it hurts extremely bad.",Dimorphic Hemorrhoids
"I've been feeling really itchy, sick to my stomach, and tired. I've also had a fever and lost weight. My skin and urine have turned yellow, and my stomach hurts.",jaundice
"itching,skin_rash,fatigue,high_fever,headache,loss_of_appetite,mild_fever,swelled_lymph_nodes,malaise,red_spots_over_body",chicken pox
"I've been having trouble breathing, and I've been coughing a lot. I've also been running a fever, and I'm feeling really tired. I'm not sure what's going on, but I'm worried.",bronchial asthma
I can't seem to catch my breath and I'm sweating a lot. I feel really sick and have a lot of phlegm in my throat. My chest hurts and my heart is racing. The mucus I'm coughing up is yellowish.,pneumonia
"My neck has been really tight, and my muscles have been rather weak. I have swelling joints that make it hard for me to move without getting stiff. Additionally, walking has been quite unpleasant.",arthritis
I have been having back pain for a while now. It's been getting worse lately. I also have a cough that won't go away. I've been feeling weak in my arms and legs. My neck hurts and I've been feeling dizzy and off balance.,cervical spondylosis
"I have been experiencing acid reflux and difficulty digesting my food, along with regular headaches and impaired vision",migraine
"I've been feeling really sick lately. I've been getting chills and I'm always tired. I have this cough that just won't go away. It's really hard to breathe when I cough and my chest hurts. I've also been coughing up this really gross, rusty phlegm.",pneumonia
"I've been struggling to breathe, coughing constantly, and feeling worn out. I have a very high fever and have been coughing up a lot of thick, mucoid saliva. I simply feel so worn out and exhausted from trying to deal with everything.",bronchial asthma
"I have been feeling excessively hungry, even after eating, and have had a stiff neck.",migraine
"I've been itchy and have been throwing up. Along with losing weight, I'm also really exhausted. My skin has turned yellow, and my fever is high. My stomach has also been hurting recently.",jaundice
"I am experiencing very high fever and chills every night. It is really concerning me. Moreover, I don’t feel like eating anything and my back, arms, legs pain a lot. There is a strange pain behing my eyes. I can’t do any physical activities. ",dengue
"vomiting,fatigue,weight_loss,high_fever,yellowish_skin,dark_urine,abdominal_pain",jaundice
"My pee has a strong, unpleasant scent and a hazy appearance. Since these symptoms started appearing, I regularly feel the desire to urinate at night and have been experiencing high temperatures",urinary tract infection
"I have stomach cramps, nausea and diarrhea. My throat is swollen, and I have difficulty breathing. Sometimes at night night I get chest pain and nauseous.",allergy
"I've been struggling with difficulty breathing, a constant cough, and fatigue. My fever is extremely high, and I've been coughing up a lot of thick, mucoid sputum. It's been so hard to deal with all of this, and I'm just feeling so drained and worn out",bronchial asthma
I have experinenced significant weight gain and become very obese. I have changes in my appetite and cravings for different foods,drug reaction
I been having very low temperatues and a very foul smelling pee. The area near my kidneys hurt a lot and I cant seem to hold my pee. I often get these uncontrollable urges,urinary tract infection
"I have a lot of rashes and skin irritations, especially in the crevices of my skin. My skin bruises and cuts also take a long time to heal.",diabetes
"I have a tendency to burp and belch regularly. I often get chest discomfort that radiates to my arm, jaw, and neck. My chest feels tight and stressed.",Gastroesophageal Reflux Disease
"I've been suffering visual disruptions, seeing things as distorted, and eyesight problems.",migraine
"itching,fatigue,weight_loss,high_fever,yellowish_skin,dark_urine,abdominal_pain",jaundice
I've been feeling really sick and tired. I've lost weight and have a fever. My urine is dark and my skin is yellow. I also have stomach pain.,jaundice
I have a rash on my legs that is getting worse. I have difficulty running.,varicose veins
"i have been having high fever since past few days , saliva also became thick , dry cough , weakness also seen",bronchial asthma
I have seen rashes on my arms and neck and it itches if I scratch them. I've also had a high fever for a few days. I have no idea what is causing it. The itching is causing me a lot of discomforts.,chicken pox
"I've been really itchy lately and there are these rashy spots all over my skin. There are also some areas that look different in shade than the rest of my skin, and I've had some bumps that are kind of hard. I'm not sure what it is, but I'd like to get it checked out.",fungal infection
"Along with a phlegmy cough and muscle weakness, I've been dealing with excruciating back pain. In addition to feeling woozy and shaky on my feet, my neck has been hurting.",cervical spondylosis
I inadvertently lose weight and have a hard time gaining it back. I use antacids to get rid of the pain and discomfort I experience. It aches so much in my mouth.,Peptic Ulcer Disease
"acidity,headache,blurred_and_distorted_vision,excessive_hunger,stiff_neck,depression,irritability,visual_disturbances",migraine
I have a lot of itchy bumps on my skin that sometimes turn red or rough. I also have some strange pimples that look like little balls and some weird spots that are a different color than the rest of my skin.,fungal infection
"I've had a lot of sleepiness, a cough that refuses to go away, and breathing difficulty. I've been coughing up a lot of thick, mucoid saliva and have a high fever.",bronchial asthma
"I have been having trouble with my vision, seeing things as distorted and experiencing visual disturbances. I have also been experiencing headaches.",migraine
"I have a high fever, chills, and severe itching. I have a headache and I'm also sweating a lot. I've been feeling nauseous and my muscles are aching.",malaria
I have a dry cough that just won't go away. I also have this problem with my infections not healing and I have palpitations.,diabetes
Standing or walking for long periods of time causes a lot of pain in my legs. I get cramps upon doing physical activities. There are bruise marks on my legs too.,varicose veins
I have a rash on my face that is very painful and inflamed. The sores are weeping clear fluid and it is getting worse every day.,impetigo
"fatigue,weight_loss,restlessness,lethargy,irregular_sugar_level,blurred_and_distorted_vision,obesity,excessive_hunger,increased_appetite,polyuria",diabetes
"My entire body itches, and I have rashes on my back and chest. Sometimes my skin might be dry and flaky, which often results in body stains.",drug reaction
"I am starting to have rashes on my skin. The rash often bleeds when I scratch or rub it. Moreover, I have noticed small dents in my nails.",psoriasis
"continuous_sneezing,shivering,chills,watering_from_eyes",allergy
"All over my body, there has been a severe itching that has been followed by a red, bumpy rash. My skin also has a few darkened spots and a few tiny, nodular breakouts. It has been happening for several days and is becoming worse.",fungal infection
I've recently developed a terrible rash on my skin. It's riddled with blackheads and pus-filled pimples. My skin has also been scurrying everywhere.,acne
"I've been suffering from symptoms including a headache, chest pain, dizziness, losing my balance, and trouble concentrating.",hypertension
"My lymph nodes are swollen, causing discomfort in my neck and armpits. I don't know what's causing it.",chicken pox
I have been getting blood in my pee. Sometimes I get nauseous while peeing. This often almost coincides with me having a high temperature,urinary tract infection
"My nose feels quite clogged, and my eyes are constantly very red and runny. In addition, my chest hurts and I've been having a lot of breathing problems. In addition, my muscles feel quite painful, and I can't smell anything.",common cold
"I have a rash on my legs that is red, inflamed, and itchy. It is spreading and causing a lot of discomfort.",varicose veins
"I have a high fever, severe itching, chills, and vomiting. I also have a headache and have been perspiring a lot. Additionally, I have been nauseous and my muscles hurt.",malaria
I have cracks in my palms and soles that are painful and bleed. The skin is also peeling off.,psoriasis
"I have been feeling hungry all the time and have had a sore neck, as well as problems with my vision.",migraine
I am suffering from mild fever and headache. There are small sores near my nose and rashes on my neck. I am going through a very tough time right now.,impetigo
"Due to a stomach discomfort, I have problems sleeping or staying asleep. I am exhausted after using the bathroom and lose my appetite. I'm quite nervous all the time.",Peptic Ulcer Disease
"I get blood in my pee sometimes and sometimes get nauseous whie peeing. I also have a bad smell in my pee and sometimes get high temperatures at nights, help me",urinary tract infection
"My neck is really stiff, and my muscles are weak. My joints are swollen, and it's hard for me to move without getting stiff. Walking is also unpleasant.",arthritis
"I have rashes around my nose, as well as huge red sores. The rash is spreading to other places on my body, as I've seen. In addition, I have a high temperature every night.",impetigo
"I have rashes all over my body. I also have a high fever, chills, headache, body aches, and pain behind my eyes.",dengue
"I've been feeling really sick lately. I've been coughing a lot, and I've been having trouble breathing. I've also been having chills and a fever. I've been feeling really weak and tired. I've also been coughing up a lot of phlegm.",pneumonia
I have been having a lot of stomach pain and constipation for the past few days. I have also lost my appetite and feel very weak.,typhoid
I've been feeling really tired lately and have had this cough for a few days. It's getting harder to breathe and I'm coughing up a lot of phlegm. My fever is really high too.,bronchial asthma
"Recently, my skin has been quite itchy, and I have a rash all over my body. My skin also has a few spots where the hue is altered and some lumps and knot-like pimples.",fungal infection
"I have a rash on my skin that is red, itchy, and scaly. It is worse in the winter months when the air is dry. I have to moisturize more frequently and use humidifiers to keep my skin hydrated.",psoriasis
"My nails have small dents on them. Even my joints have started to pain severely. There is a silver like dusting on my skin, particularly in my back.",psoriasis
I've been feeling really sick and I have a rash all over my body. I'm worried about what it could be.,chicken pox
"I can't quit sneezing, and my nose is running. I'm also constantly chilly and exhausted, and I've been coughing a lot. My fever is also really high, well above usual.",common cold
"I've been feeling really sick. I have a fever, chills, nausea, and a headache. I've also been sweating a lot and my muscles ache.",malaria
"feeling extremely exhausted and have had this persistent cough. It's been hard for me to catch my breath, and my fever is very high. I've also been producing a lot of mucus when I cough",bronchial asthma
I've been coughing a lot and I'm really tired. I've been coughing up a lot of thick mucus and my fever is pretty high.,bronchial asthma
"I've been coughing a lot and I can't seem to get rid of it. I'm also short of breath and I've been coughing up a lot of thick, mucusy saliva. I feel really tired and weak.",bronchial asthma
I have a rash on my nose that is red and itchy. It feels like it is burning. I think it might be an infection.,impetigo
"I've been having coughing fits, back pain, and weakness in my arms and legs. I've also been having neck pain and dizziness.",cervical spondylosis
"skin_rash,high_fever,blister,red_sore_around_nose,yellow_crust_ooze",impetigo
"pain_during_bowel_movements,pain_in_anal_region,bloody_stool,irritation_in_anus",Dimorphic Hemorrhoids
"I've recently been suffering with chills, lethargy, a cough, a high temperature, and difficulties breathing. I've been sweating profusely and generally feeling ill and weak. I've also had some quite thick and red phlegm.",pneumonia
"chills,vomiting,fatigue,high_fever,headache,nausea,constipation,abdominal_pain,toxic_look_(typhos),belly_pain",typhoid
" regularly have indigestion and heartburn, especially after eating spicy or fatty foods. My chest pain is worse when I hunch over or lie down. Additionally, my chest hurts a lot.",Gastroesophageal Reflux Disease
I have pain in my legs that is worse when I stand or walk for long periods of time. I also have cramps and can't run for long periods of time.,varicose veins
"I've been getting a lot of bowel issues recently. It's difficult for me to go, and it hurts when I do. My anus is quite painful, and it has been bleeding whenever I go. It's excruciatingly painful, and I'm quite uneasy.",Dimorphic Hemorrhoids
"vomiting,indigestion,loss_of_appetite,abdominal_pain,internal_itching",Peptic Ulcer Disease
"Along with distorted eyesight, excessive appetite, a painful neck, anxiety, irritability, and regular headaches, I have also been battling acid reflux, indigestion, and regular headaches.",migraine
I have a frequent need to urinate and often have these uncontrollable urges. I feel dizzy and often confused. I have also been loss of visuals,diabetes
"I have red, itchy bumps all over my body. They're especially bad on my arms and legs. I also have a headache and a fever. I don't feel like eating anything and have lost my appetite.",chicken pox
I have been having low temperatures and bloody pee since some days now. My head hurts like crazy and pee also smells very foul. I have almost no control on my peeing and get very sudden urges,urinary tract infection
"I am starting to develop tiny red spots all over my face and neck area, and it itches when I touch them. The itching is making my day very uncomfortable.",chicken pox
I have fever and feel very dizzy and lightheaded. My heart is beating very fast and I feel very confused. I am not able to think very clearing and everything feels very foggy,drug reaction
I have small red spots all over my body. I'm worried about them. I'm also very tired and have a mild fever every night.,chicken pox
"I've been feeling really sick. I have a fever, chills, and my stomach hurts really bad. I've been feeling this way for a few days now, and I can't seem to get rid of it.",typhoid
"I've been itchy and throwing up. In addition, I have lost weight and feel really exhausted. My skin has become yellow and I have a severe temperature. I have abdominal ache and black urine.",jaundice
"I've been having chest pain, dizziness, and a headache that feels like it's in a narrow zone around my head.",hypertension
I have a lot of sneezing and a sore throat. My lips and the area around my eyes sometimes swell up. I can't stop sneezing once I start.,allergy
"I've been having headaches and blurry vision, and I've also been getting acid reflux and indigestion after I eat.",migraine
"I have been struggling with back pain, a productive cough, and weakness in my muscles. My neck is sore and I have had problems with dizziness and unsteady balance.",cervical spondylosis
My throat feels as though food or acid is backing up. Lying down only makes my chest pain more. I regularly have heartburn or indigestion after eating and puke up.,Gastroesophageal Reflux Disease
"indigestion,headache,blurred_and_distorted_vision,excessive_hunger,stiff_neck,depression,irritability,visual_disturbances",migraine
I've been having a scratchy throat and I'm feeling exhausted. My skin is also feeling dry and I sometimes get eye inflammation.,allergy
My eyes have been really red and my sinuses feel congested. I just don't have any energy and my throat has been really itchy. I've also noticed my lymph nodes are swollen and I've been coughing up a lot of phlegm.,common cold
"I've been constipated and it's really hard to go to the bathroom. When I do go, it hurts and my stool has been bloody. I've also been having some pain in my butt and my anus has been really itchy and irritated.",Dimorphic Hemorrhoids
I have some veins in my legs that are bulging out. I'm concerned about it. I'm also overweight and I think that might be the cause.,varicose veins
I'm having trouble breathing. I'm coughing up a lot of mucus. My chest hurts. I'm sweating a lot. I feel really sick.,pneumonia
"I always feel exhausted, have a bad taste in my mouth, and my throat itches a lot. Also heated and painful are my muscles. My entire body can cramp up at times.",allergy
"fatigue,cough,high_fever,breathlessness,family_history,mucoid_sputum",bronchial asthma
"In addition to recurrent headaches and blurred vision, increased appetite, a stiff neck, sadness, irritability, and visual disturbance, I have been having stomach problems, including indigestion and acidity.",migraine
I've been sneezing and coughing for a few days now. I'm also feeling really tired and weak. My fever is pretty high.,common cold
"I am experiencing skin rashes with burning sores. The blistering sores are fluid-filled, elevated, red colored lesions that are unpleasant to touch. I also have a high fever.",impetigo
"I've had nausea, vomiting, and exhaustion. Additionally, I've lost weight and have a temperature. My urine is black and my skin has turned yellow. I've also been having stomach pain.",jaundice
"I've felt terribly weak and drained, and I've also had a cough that that won't go away. My fever has been exceptionally high, and it has been challenging to try to catch my breath. I've been creating a lot of mucous when I cough.",bronchial asthma
"This morning when I woke up, I discovered that I have an extremely bad rash all over my body. There are several pus-filled pimples and blackheads all around. My skin has also been moving around a lot.",acne
"I have been experiencing itching, vomiting, fatigue, and weight loss. My fever is high and my skin has turned yellow. My urine is dark and I have been experiencing abdominal pain.",jaundice
I have a rash all over my body that is red and itchy. I also have some small bumps that look like pimples and some strange patches that are a different color than the rest of my skin.,fungal infection
"My skin is dry and flaky, and I get infections easily. My joints are in a lot of pain, and the skin on my knees and elbows is peeling off.",psoriasis
"I have a lot of itching all over my skin, and sometimes it gets really red and bumpy. There are also some patches that are different colors than the rest of my skin, and sometimes I get these little bumps that look like little balls. It's really annoying and itchy.",fungal infection
"In addition to experiencing a change in taste and fragrance, I also have a metallic aftertaste in my tongue. occasionally get excruciating joint and muscular pain",drug reaction
"I recently experienced a severe skin rash. Blackheads and pimples filled with pus are clogging it. Additionally, my skin has been quite irritated.",acne
I have severe nausea and chest discomfort. I have been having chest discomfort lately. I often shiver a lot and feel really nervous.,drug reaction
"stomach_pain,acidity,ulcers_on_tongue,cough,chest_pain",Gastroesophageal Reflux Disease
"I always get a sour taste in my mouth, even when I don't have anything acidic in my stomach. I regularly have the hiccups and a knot in my throat.",Gastroesophageal Reflux Disease
I have been having trouble breathing for a few days. I have a high fever and I feel very tired. Can you recommend some medications for me?,bronchial asthma
"I have trouble breathing, especially when I'm outside. I start to feel hot and sweaty. I also get urinary tract infections and yeast infections a lot.",diabetes
There are small red spots all over my body that I can't explain. It's worrying me. I feel extremely tired and experience a mild fever every night.,chicken pox
"I have a rash on my skin that is red, raised, and filled with fluid. It is painful to touch and I have a fever.",impetigo
I have swelling in my legs and it is causing me to have difficulty fitting into my shoes. It also causes discomfort when I sit for long periods of time.,varicose veins
I've been having trouble healing from my wound. My hands and feet have been tingling and going numb. I've also been feeling very weak.,diabetes
"I have been suffering from acid reflux, indigestion, and regular headaches, as well as distorted vision, excessive hunger, a sore neck, depression, irritability, and visual disturbance.",migraine
"I have red and inflammatory skin around my mouth, nose, and eyes. It is frequently irritating and unpleasant. Recently, it has got very painful.",psoriasis
I have a rash on my face that is not healing. I have tried some medications but it is not helping much. I also have small sores near my nose that are painful and difficult to handle.,impetigo
"I'm constantly sneezing, and the cold is making my body tremble. I'm so exhausted that I can hardly move, and my head hurts. My fever is quite high.",common cold
"I've been feeling really tired and weak. I can barely get out of bed in the morning, and I'm having trouble staying awake during the day.",chicken pox
I have a rash all over my body. It's itchy and the patches are darker than the rest of my skin. I also have some firm lumps.,fungal infection
"My palms and soles have grown and developed severe fissures. These cracks are unpleasant and frequently bleed. Also, the skin is starting to peel off.",psoriasis
"My arms and legs have been weak, and I have been suffering from back pain and a persistent cough. In addition to experiencing neck pain and balance issues, I also suffer dizziness.",cervical spondylosis
"I've been feeling really itchy all over my body, and I have a rash that's really red and irritating.",chicken pox
"I've been experiencing stiffness and weakness in my neck muscles recently. My joints have grown, and it's hard for me to walk without getting stiff. Walking has been extremely uncomfortable.",arthritis
I have developed rashes on my body. I am also experiencing high fever along with chills and headache. My joints and back hurt and there is a strange pain in the back of my eyes.,dengue
I've been feeling really sick lately. I've been sneezing a lot and my nose is running. My throat is also really scratchy and I've been feeling really tired.,common cold
"In the last four days, I've experienced low temperatures and blood in my pee. My head hurts so much and my urine smells awful. The desires to urinate seldom come on cue, and I hardly ever have any control over when they do.",urinary tract infection
"I feel quite weak, and my lymph nodes are enlarged. My eyes are burning, and my throat hurts. My sinuses are under strain, and my nose is stuffy. I can't smell anything, and my chest hurts.",common cold
"My skin is prone to infections due to dry, flaky patches. I am experiencing a strong pain in my joints. The skin on my knees and elbows is starting to peel off.",psoriasis
"My skin is peeling in places, especially on my knees, elbows, and arms. This peeling is often accompanied by a painful or burning sensation. I am also developing small dents on my nails, which is really concerning.",psoriasis
I woke up this morning to find a really nasty rash on my skin. There are a ton of blackheads and pimples that are filled with pus. My skin has also been really scurrying.,acne
"I've been feeling awful, with a lot of congestion and a runny nose. I've been coughing a lot and having a lot of chest pain. My fever has been really high, and I've been experiencing severe muscular discomfort.",common cold
"I've had a lot of bloating and constipation, which has been really painful. There is a lot of pressure and pain in my stomach area. I get a high fever and chills every night.",typhoid
"I get a sour taste in my mouth all the time, even when there is nothing acidic in my stomach. I often get the hiccups and have a lump in my throat.",Gastroesophageal Reflux Disease
"Constipation has made it quite difficult for me to use the restroom. My stool has been bloody when I do go, and it hurts. In addition, my anus has been quite itchy and inflamed, and I've been experiencing some butt soreness.",Dimorphic Hemorrhoids
I have been experiencing stiffness and weakness in my neck muscles recently. My joints have grown and it is hard for me to walk without getting stiff. Walking has been extremely uncomfortable.,arthritis
I've been drinking a lot more water and going to the bathroom more often. My mouth and throat are always dry. I've been really hungry lately.,diabetes
"stomach_pain,acidity,vomiting,cough,chest_pain",Gastroesophageal Reflux Disease
"This morning, I realized that I had a major rash all over my body. There are lots of pimples filled with pus and blackheads everywhere, and my skin has been scurrying a lot.",acne
"Blood is in my pee, and I have a low body temperature. I have practically continual headaches and often strong, uncontrollable need to urinate. In addition, I've started having lower back pain.",urinary tract infection
"I'm having trouble breathing, and my fever is really high. I'm sweating and shivering. My heart is racing, and I'm really tired. I'm also about to cough up some brown phlegm.",pneumonia
"itching,nodal_skin_eruptions,dischromic__patches",fungal infection
"My neck has been so tense, and I've been feeling like my muscles are incredibly weak. I have trouble moving since my joints have enlarged. To walk has been quite painful.",arthritis
I've been experiencing stiffness in my neck and my joints have swollen. I've also been experiencing pain when I walk.,arthritis
"I've been having trouble sleeping because of the rash. It's itchy and painful. I've also noticed that my nails have little dents in them, which is really alarming. And my joints are sore every day, and I don't know why.",psoriasis
"I have been experiencing severe back pain, a cough that produces phlegm, and weakness in my muscles. My neck also hurts and I have been feeling dizzy and unsteady on my feet.",cervical spondylosis
"I have a bad cough and I'm really tired. I have a high fever and my breathing is shallow. When I cough, a lot of saliva comes out.",bronchial asthma
"I've been feeling really grumpy and gloomy lately, and I've also noticed a change in my vision. I think it might be a migraine.",migraine
"I don't feel like eating, and swallowing is challenging. Even after eating little meals, I frequently get this lingering sense of fullness. Typically, I have heartburn, nausea, and tingling in my throat.",Gastroesophageal Reflux Disease
"I've had trouble sleeping because of the itching and pain produced by the rash. My nails have little dents, which is really alarming. Moreover, my joints pain everyday and I have no idea what is causing it.",psoriasis
"I regularly vomit and get pelvic pain. There is occasionally blood in my pee, and it occasionally has an absolutely intolerable odour. I occasionally have trouble falling asleep because of my migraines.",urinary tract infection
"I'm drenched with sweat and struggling to breathe. I don't feel well and have a lot of mucous in my throat. My chest aches, and my heart is racing. I'm coughing up mucus that is crimson in colour.",pneumonia
I have varicose veins in my legs. They are swollen and the blood vessels are more visible than usual. The swelling seems to be getting worse over time.,varicose veins
"My nails have small dents or pits in them, and they often feel inflammatory and tender to the touch. Even there are minor rashes on my arms.",psoriasis
"I woke up this morning feeling fine, but as the day went on, I started experiencing a headache, chest pain, and dizziness. It's been hard for me to focus and concentrate on my work since then.",hypertension
"I've been coughing a lot and finding it difficult to breathe. My throat hurts and I feel like I have a lot of phlegm trapped in my chest. My nose has been running a lot, and I've been feeling really congested.",common cold
"I feel like I'm getting a cold. My neck is swollen, and I'm exhausted. My throat is scratchy, and my eyes are burning red. My nose is really clogged, and I am experiencing facial pressure. My chest hurts, and I'm unable to smell anything.",common cold
I have varicose veins in my legs.,varicose veins
I have a sore on my nose that has crusted over and is hard to touch. It used to leak a yellow-rust colored fluid and it is taking a lot longer to deal with using medication.,impetigo
"I've been coughing a lot for a few days now. It's been hard for me to catch my breath, and I've been feeling very exhausted. I've also been producing a lot of mucus when I cough.",bronchial asthma
"I feel as though acid or food is backing up into my throat. My chest hurts, and lying down makes it worse. After eating, I frequently have heartburn or indigestion and throw up.",Gastroesophageal Reflux Disease
"My rashes occasionally cause my skin to peel off. I'm more susceptible to illnesses as a result. I start to tremble sometimes, and my hands start to shake.",drug reaction
"I'm nauseous, ill, and shaky. I have a huge throat, which makes it tough for me to breathe. I occasionally have nighttime chest aches and occasional sickness.",allergy
"itching,skin_rash,fatigue,lethargy,high_fever,headache,loss_of_appetite,swelled_lymph_nodes,malaise,red_spots_over_body",chicken pox
"I must admit that I have been having a high fever, a persistent cough, and shortness of breath. In addition, I've been coughing up a lot of thick, mucoid saliva and I've been feeling really depleted and worn out.",bronchial asthma
"I've been feeling scratchy, sick, and worn out. I also had a high fever and lost weight. Both my skin and my urine have become yellow. Additional stomach pain that I've been having",jaundice
I have noticed that my legs are swollen and have dark purple veins. They are not painful but are concerning to me.,varicose veins
The veins in my legs are causing discomfort and difficulty sleeping at night. I have no idea why it is happening. I get cramps when I sprint.,varicose veins
"I have blood in my urine and a low-grade fever. I've also been having headaches and a strong, uncontrollable urge to urinate. I've also started having lower back pain.",urinary tract infection
"I get breathing issues and wheezing, which are asthma symptoms. I regularly have fevers and headaches. I constantly feel worn out.",allergy
I've been having a really hard time going to the bathroom lately. It's really painful when I try to go and my anus hurts a lot. There's also been some blood in my stool and my anus has been really itchy.,Dimorphic Hemorrhoids
"I have a fever, chills, and vomiting. I also have a headache, and I've been sweating a lot. I also feel nauseous and have muscle aches.",malaria
"I have a persistent cough and have been feeling quite fatigued. My fever is through the roof, and I'm having trouble breathing. When I cough, I also cough up a lot of mucous.",bronchial asthma
"I have to urinate a lot, but when I do, it hurts and I only get a little bit out. The urine is cloudy and bloody and sometimes smells bad. I also feel nauseous.",urinary tract infection
"I've been sneezing a lot and I have a really bad cough. I feel weak and exhausted, and my temperature is high.",common cold
"I've been having back pain, a cough, and numbness in my arms and legs. My neck hurts too, and I've been feeling dizzy and off balance.",cervical spondylosis
"I have constipation and belly pain, and it's been really uncomfortable. The belly pain has been getting worse and is starting to affect my daily life. Moreover, I get chills every night, followed by a mild fever.",typhoid
"I've had severe itching, chills, vomiting, and a high fever. I'm also sweating excessively and have a headache. Nausea and muscle pain have also been causing me a lot of discomfort.",malaria
I've been experiencing stiffness and weakness in my neck muscles recently. I've also been having trouble running and walking because of the stiffness in my joints.,arthritis
I have a really itchy rash on my skin and there are some weird spots that are a different color. There are also some bumps on my skin that look like little knots. I think it might be a fungal infection.,fungal infection
"My throat and mouth are dry. I've also been getting hungry more and more. I do, however, occasionally feel rather exhausted.",diabetes
I have been having a hard time breathing lately. I have a dry cough and I am coughing up a lot of mucus. I also have a fever and I am feeling very weak and tired.,bronchial asthma
I have cramps in my calves and it is difficult for me to walk. I feel tired after working for some time. I think it is because I am obese.,varicose veins
i have been suffering from dry cough and difficulty in breathing for a week now. i also feel weak throughout the day.,bronchial asthma
"There is strange pain in my joints. Also, I have noticed strange peeling of skin in different parts of my body. I am afraid there is something wrong going on with my body.",psoriasis
"I'm not in the mood to eat, and swallowing is difficult. I often have this lingering feeling of fullness even after little meals. My typical symptoms include heartburn, nausea, and throat tingling.",Gastroesophageal Reflux Disease
"Intense scratching, chills, nausea, and a high temperature have been plaguing me. I also have a headache and am perspiring a lot. I've been terrible with nausea and soreness in my muscles.",malaria
I have varicose veins on my legs. They are swollen and protruding from my skin. They are painful and noticeable.,varicose veins
"I've been feeling really scratchy, dizzy, and worn out. I've lost weight and have a fever. My urine is dark, and my skin has turned yellow. I also get stomach pain.",jaundice
I have had diarrhea for a few days now. It is very watery and smells bad. I also have a severe headache and feel like vomiting.,typhoid
I've been having stiffness and weakness in my neck muscles. My joints are stiff and it's hard to move them. Walking is also painful.,arthritis
"My skin is itching and swollen. Sometimes, they could flake. My lips and cheeks swelling aches a lot. The puffing occasionally gives me headaches and runny eyes.",allergy
"I have little red spots all over my body that I don't understand. It worries me. I have lost my appetite and every night, I am exhausted and have a severe headache.",chicken pox
"vomiting,loss_of_appetite,abdominal_pain,passage_of_gases,internal_itching",Peptic Ulcer Disease
I have been having a stomach ache for the past week. It is not getting better even with medication. I feel like vomiting and I can't eat anything. I have become very weak.,typhoid
"I've been having a really high fever, chills, and nausea. I've also been sweating a lot and my muscles hurt. I feel really queasy and have a headache.",malaria
My fingers and soles have pretty thick skin that is cracked severely. These fractures hurt and bleed frequently. The fractures are itchy and covered with scales.,psoriasis
"The rashes on my face are not healing. I tried some medications but it is not helping much. Recently, I noticed small sores near my nose. They are painful and very difficult to handle.",impetigo
"I am experiencing a lot of nausea and vomiting, and it's been quite difficult for me to eat anything. I've entirely lost my appetite, and as a result, I have become quite weak.",typhoid
I have a fever and I feel really lightheaded and woozy. My heart is pounding and my head is really foggy. I can't think straight and everything looks blurry.,drug reaction
"I have been struggling with intense back pain, a chronic cough, and weakness in my arms and legs. My neck is sore and I have had problems with dizziness and loss of balance.",cervical spondylosis
"Acidity and indigestion are among the digestive problems I've been having, along with regular headaches, blurred vision, increased hunger, stiff neck, sadness, impatience, and visual disruption.",migraine
"I've been itching a lot, and it's been accompanied with a rash that looks to be getting worse over time. There are also some patches of skin that are different colours from the rest of the skin, as well as some lumps that resemble little nodes.",fungal infection
I have a stuffy nose and nasal congestion. I sometimes have chest discomfort during the night. I can't smell or taste anything.,allergy
"I have been experiencing itching on my skin, which often leads to a rash. I also have some strange patches of skin that are a different color than the rest of my skin, and I frequently get little lumps that look like nodules.",fungal infection
"In addition to a head pain, chest pain, instability, and balance issues, I've already been feeling unwell. I also suppose I'm having issues focusing.",hypertension
"I've been experiencing balance issues, a headache, chest pain, and dizziness. I've also realised that I'm having trouble focusing.",hypertension
My muscles have been weak and my neck has been stiff. My joints have swollen and it's hard to move without getting stiff. Walking is uncomfortable too.,arthritis
"I have to go the bathroom all the time, but the urine output is very low often just a few drops. My stomach hurts a lot and and cant seem to be able to control my urges to pee",urinary tract infection
"I have been feeling nauseous and have a constant urge to vomit, which is accompanied with mild fever and headache. ",dengue
"I have a high fever, severe itching, chills, and vomiting. I also have a headache and have been perspiring a lot. Additionally, I have been feeling nauseous and my muscles are sore.",malaria
"I'm so tired and weak, and my fever is really high. It's been hard to deal with all of these symptoms, and I've also been coughing up a lot of mucus. I'm getting really frustrated.",bronchial asthma
"I've lost a lot of weight in the past week because I haven't been able to eat much due to nausea and vomiting. This is followed by mild fever, headache and belly pain. I'm really concerned about my health.",typhoid
"chills,fatigue,cough,high_fever,breathlessness,malaise,phlegm,chest_pain,fast_heart_rate,rusty_sputum",pneumonia
I have a strong smell in my urine and it is cloudy. I have been having fevers and need to urinate more often at night.,urinary tract infection
"I have respiratory issues, especially when doing out. Unexpectedly, I'm sweating and flushed. I frequently have yeast infections and urinary tract infections",diabetes
I feel very nauseous and have chest pain. Recently I have been experiencing chest pain. I feel very uneasy and often sweat profusely,drug reaction
I have been vomiting frequently and have lost my appetite as a result. My joints and back pain all the time.,dengue
"I have been feeling very sick lately. I have been having severe itching, vomiting, and fatigue. I have also lost weight and have a high fever. My skin has turned yellow and my urine is dark. I am also experiencing abdominal pain.",jaundice
"My skin has a silvery film, particularly on my back, arms and scalp. This dusting is composed of tiny scales that easily peel off when scratched.",psoriasis
"I have a persistent sour taste in my mouth, even when I haven't eaten anything acidic. I get frequent hiccups and a feeling of lump in my throat.",Gastroesophageal Reflux Disease
I have a bruise on my leg and the skin around the veins is dry and flaky. My legs have started to swell.,varicose veins
"I frequently have heartburn and indigestion, particularly after consuming spicy or fatty foods. When I lie down or stoop over, my chest discomfort worsens. My chest hurts quite a bit too.",Gastroesophageal Reflux Disease
"I've been feeling really sick for the past few days. I have a high fever, chills, and intense itching. I've also been vomiting and sweating a lot. I have a headache and my muscles are aching. I feel really miserable.",malaria
"I've been experiencing a lot of bowel movement issues recently. It's difficult to go, and it hurts when I do. My anus is quite painful, and it has been bleeding whenever I go. It's really painful and I'm really uncomfortable.",Dimorphic Hemorrhoids
I have a really bad sore throat and I feel tired all the time. I also get feverish and often have muscle aches. Sometimes my whole body just cramps up,allergy
"I've been exhausted and chilly, and I can't stop coughing. When I do, it pains in my chest and makes my heart race. My coughing mucous has a disgusting brownish hue.",pneumonia
"I was driving home from work and suddenly felt a headache, chest discomfort, and dizziness. I've been having trouble concentrating and focusing while driving since then.",hypertension
The skin on my calves has become inflamed and red. My legs hurt if I try to run or do any physical activities.,varicose veins
"I've got a high fever and can't seem to catch my breath. I've been sweating profusely and generally feeling ill and weak. I've also had some quite thick and black phlegm. My chest aches, and my heart has been racing rapidly.",pneumonia
"chills,fatigue,high_fever,headache,nausea,constipation,abdominal_pain,diarrhoea,toxic_look_(typhos),belly_pain",typhoid
"I woke up this morning to find that I have a terrible rash all over my body. Blackheads and pus-filled pimples are all over the place. Additionally, my skin has been changing a lot.",acne
"I have to go to the bathroom a lot, but only a few drops of urine come out. I have severe stomach pains and an overwhelming urge to urinate.",urinary tract infection
"The sores around my nose are now surrounded by red, inflamed skin. The rash has caused my skin to become dry and flaky, with a visible yellow colored fluid coming out of the sores.",impetigo
"Hey, I've got a dry cough, trouble breathing, and a high fever. I'm producing a lot of mucus and am feeling quite weak and exhausted.",bronchial asthma
"I've been having a lot of pain in my joints, especially my knees and hips. It's hard for me to move around and I'm always feeling stiff. I've also been having a lot of trouble sleeping because of the pain.",arthritis
"itching,skin_rash,fatigue,lethargy,headache,loss_of_appetite,mild_fever,swelled_lymph_nodes,malaise,red_spots_over_body",chicken pox
"My skin has developed a horrible rash. There are blackheads and pus-filled pimples everywhere. Furthermore, my skin has been exceedingly sensitive.",acne
"vomiting,indigestion,abdominal_pain,passage_of_gases,internal_itching",Peptic Ulcer Disease
"Belching and burping are common in me. I often get chest pain that radiates to the back of my neck, my jaw, and my arm. In my chest, there is pressure and stress.",Gastroesophageal Reflux Disease
"I discovered a huge rash on my skin yesterday. My face is covered of blackheads and pus-filled pimples, and my skin has been crawling a lot.",acne
"I'm having trouble breathing, and I have a really high fever. I'm sweating a lot and feeling really cold and tired. My heart is beating really fast, and I have some brownish sputum.",pneumonia
"I have a strong urge to urinate frequently, especially at night. My urine is cloudy and has a strong odor. I also have a fever.",urinary tract infection
"I've had this rash on my arms, legs, and chest for a few weeks. It's red and itchy, and it's covered in dry, scaly spots. I also have some pain in my joints.",psoriasis
"skin_rash,blackheads,scurring",acne
"Recently, I've been having problems using the restroom. Going is incredibly difficult, and doing so hurts. In addition, I've been experiencing some butt soreness, and my stools have been bloody. My anus has also been quite itching and aggravated.",Dimorphic Hemorrhoids
"I've been feeling really sick for the past few days. I've had a high fever, chills, and intense itching. I've also been vomiting and sweating a lot. I have a headache and my muscles are sore.",malaria
"I often feel the need to urinate and have intense urges to do so. I also feel dizzy and confused, and I have lost my sight.",diabetes
"I am having a terrible pain in my abdominal part, and I've been feeling really nauseated. I'm also experiencing a mild fever. I am really worried.",typhoid
I have a lot of tiny red spots all over my face and neck area. They are itchy and make my day very uncomfortable.,chicken pox
"I suffer migraines and headaches, and I've been having trouble falling asleep. My whole body has been trembling and shivering. At times, I have dizziness.",drug reaction
"I've had chills, lethargy, a cough, a high temperature, and difficulties breathing lately. I've been sweating profusely and generally feeling ill and weak. I've also had some quite thick and black phlegm.",pneumonia
I have itchy and red skin. Sometimes these result in flaking. My face and lips puff up and causes a lot of inconvinience. I get watery eyes sometimes and headches when the puffing gets severe,allergy
My neck is weak and stiff. My joints are enlarged and it is hard for me to walk without feeling stiff. Walking is also excruciatingly uncomfortable.,arthritis
"weight_loss,restlessness,lethargy,irregular_sugar_level,blurred_and_distorted_vision,obesity,excessive_hunger,increased_appetite,polyuria",diabetes
"Strong itchiness, chills, nausea, and a high temperature have been plaguing me. Along with having a headache, I'm also perspiring a lot. I've also been bothered by nausea and muscle ache.",malaria
"My skin has been acting up lately, it's been really itchy and I've been getting rashes. Some patches of my skin are a different color than the rest of my skin, and I have some lumps or bumps on my skin that weren't there before.",fungal infection
"I've been experiencing severe muscular weakness, and my neck has been really stiff. It has been difficult to move about since my joints have swollen. It has been really uncomfortable to walk.",arthritis
"Bending down or reclining down only makes my stomach feel more. I have pain after eating some foods, such as hot or acidic food. I occasionally get loose stools as a result of this.",Peptic Ulcer Disease
"My skin has been really itchy lately, and it occasionally erupts into a rash. In addition, I have a few odd areas of skin that are a different coloration from the rest of me, and occasionally I develop little bumps that look  like nodules.",fungal infection
There is severe nausea and chest discomfort. My chest has been aching lately. I'm really nervous and shiver a lot of the time.,drug reaction
I'm having trouble breathing and I'm sweating a lot. I feel really sick and my throat is full of phlegm. My chest hurts and my heart is racing. I'm coughing up a lot of mucus that's brown and stringy.,pneumonia
I have red spots on my arms and legs that are really itchy. I can't sleep at night because of the itching. I also have a headache and a fever.,chicken pox
"I have trouble swallowing, and I frequently feel like food is getting stuck in my throat. I feel bloated and belch constantly. I always get a sour taste in my mouth.",Peptic Ulcer Disease
"I am feeling really sick. I have a high fever and headache. I noticed rashes on my arms and face. I am extremely worried about this. Today, I observed red sores near my nose.",impetigo
"I've been irritated and depressed lately, and I've also noticed a change in my vision.",migraine
"Lately i have been experiencing muscle weakness, a stiff neck, swelling joints, and stiffness after I attempt to move around. it is also been very painful to steer.",arthritis
"I have been having headaches for a while now. They are very painful and last for a long time. I also get nausea, vomiting, and sensitivity to light and sound.",migraine
"I have been experiencing diarrhea and have had loose, watery stools several times a day. I have lost my appetite and feel nauseated all the time. I am starting to get a mild fever too.",typhoid
"I have been experiencing severe back pain, a cough that comes and goes, and weakness in my limbs. My neck also hurts and I have been feeling dizzy and off balance.",cervical spondylosis
"I've had rashes on my face. I'm developing little sores around my nose, and a yellow ooze is frequently oozing from them. The lesions have become even more painful.",impetigo
"doctor, i have been having high fever since past few days , saliva also became thick , dry cough , weakness also seen",bronchial asthma
"I woke up today to find that I had a major rash all over my body. There are lots of pimples filled with pus and blackheads everywhere, and my skin has been scurrying a lot.",acne
I've been having trouble breathing for a few weeks now. It's especially bad when I try to exercise or when I'm around smoke or other irritants. I also have a persistent cough and I'm always tired.,bronchial asthma
"I have been feeling very sick. I have been vomiting, I have no energy, and I have lost weight. My skin is yellow and my urine is dark. I have also been having abdominal pain.",jaundice
I have a rash on my arms and neck that bleeds and hurts when I scratch it. I also have small dents in my nails.,psoriasis
I've been feeling really tired and sick. My throat is really sore and I've been coughing a lot. My nose is really stuffy and I have a lot of pressure in my sinuses. I feel really miserable and exhausted.,common cold
My wound is healing more slowly these days. My feet and hands are tingling and becoming numb. I feel really fragile.,diabetes
I have a high fever along with a severe headache. The fever is accompanied by extreme body pain and chills. I am worried about my health and don’t know what to do.,dengue
I often feel sick after eating and puke up the entire meal. I constantly get excruciating acid reflux and severe stomach pain.,Gastroesophageal Reflux Disease
"I'm having a lot of trouble breathing and am really uneasy. I'm feeling unwell and am perspiring a lot. My chest hurts and I have a lot of mucus in my throat. My heart is racing, and the hue of the mucus I'm coughing up is off.",pneumonia
I have been having a lot of pain in my neck and back. I also have been coughing a lot and I feel weak in my arms and legs. I have also been dizzy and I have trouble balancing myself.,cervical spondylosis
"I've been having a lot of itching and rashes on my skin. There are also some strange patches of skin that are a different color than the rest of me, and sometimes I get little bumps that look like nodules.",fungal infection
"I've been experiencing frequent, intense, abrupt cravings to urinate. Sometimes I get blood in my pee, and it smells awful. What should I do if I believe I have an infection?",urinary tract infection
I have been feeling really tired and I have a fever. I have a rash on my face and it is very itchy. I can't sleep because of the rash.,impetigo
"I have been suffering from itching, vomiting, and fatigue. I have also lost weight and have a high fever. My skin has turned yellow and my urine is dark. I have also been experiencing abdominal pain",jaundice
The veins on my legs are very noticeable and cause me discomfort. It seems like there is a major bruise and I get cramps when I run.,varicose veins
"I have been experiencing headaches, blurred and distorted vision, and visual disturbance. These symptoms have been affecting my daily life and causing me discomfort.",migraine
"Mom, Dad, I've been feeling really tired and weak lately, and I've had this cough that just won't go away. It's been hard for me to catch my breath, and my fever has been really high. When I cough, I've been producing a lot of mucus.",bronchial asthma
"Recently, my calves have been cramping up frequently, especially when I am walking or standing for long periods of time. Also, the veins are very noticeable.",varicose veins
"I've been having trouble breathing, coughing a lot, and running a fever. I've also been coughing up a lot of thick, mucusy stuff, and I'm feeling really tired. I'm not sure what's going on, but I'm not feeling well.",bronchial asthma
I've been having a lot of pain in my stomach and I've been feeling really bloated and constipated. I've also been having a fever and chills.,typhoid
I have been experiencing a severe headache that is accompanied by pain behind my eyes. I have lost my apetite and experience chills every night. ,dengue
"I have been feeling really sick lately. I have been vomiting, I am tired all the time, and I have lost a lot of weight. My skin has turned yellow, and my urine is dark. I have also been having abdominal pain.",jaundice
"I have a high fever and red spots and rashes all over my body. I feel exhausted and have completely lost my appetite, which has made me weak and lethargic. I am really worried.",chicken pox
"I get frequent urges to urinate at night with little output, and a lot of pain during urination. The urine is coludy and bloody and sometime foul smelling, and I get nauseous",urinary tract infection
"I periodically find it challenging to swallow food due to the tingling in my throat, bad breath, and bad taste in my mouth.",Gastroesophageal Reflux Disease
"Chest pain and severe nausea are present. Recently, my chest has been hurting. I tremble a lot and am quite anxious.",drug reaction
"I have a really high fever, and I can't breathe well. My heart is racing, I'm sweating, and I feel cold and tired. I'm also about to cough up some brown phlegm.",pneumonia
My pee smells strongly and seems cloudy. I've had fevers and frequent overnight urination needs ever since these symptoms began.,urinary tract infection
"I have been experiencing a burning sensation when I urinate, and my urine is frequently black, red, and has a really strange odour. I have also been experiencing temperature changes very regularly, which usually prevents me from sleeping at night.",urinary tract infection
I have a rash all over my body. It is itchy and red. There are some patches that are a different color than the rest of my skin. I also have some pimples that look like little balls.,fungal infection
I often get aburning sensation in my throat while and especially after eating. Sometimes this also leaves a sour or bitter taste in my mouth and I get nauseos beacuse of this,Gastroesophageal Reflux Disease
I have abdominal pain and it gets only worse if I bend over or lie down. I feel discomfort when I eat certain foods such as spicy or acidic food. Sometimes I get loose stools because of this,Peptic Ulcer Disease
"I've been suffering from severe back pain, a persistent cough, and numbness in my arms and legs. I've been experiencing issues with vertigo and balance issues, and my neck hurts.",cervical spondylosis
I have some red and inflamed skin on my legs. I think I can see some of the swollen blood vessels. I'm really worried about it.,varicose veins
"I have a silvery layer on my skin, especially on my back and arms. It's made up of small scales that peel off easily when I rub them. I also have rashes all over my body.",psoriasis
"I have been having frequent headaches that are so bad that they make me throw up. I also have blurred vision, a sore neck, and anxiety.",migraine
I have these red and bumpy spots on my skin that are itchy. They're also a different color than the rest of my skin. I've had some bumps that are kind of like little lumps.,fungal infection
"I'm dizzy, nauseated, and shaky. I'm having trouble breathing since my throat is swollen. On occasion, throughout the night, my chest hurts and I feel sick.",allergy
"continuous_sneezing,chills,fatigue,cough,high_fever,headache,swelled_lymph_nodes,malaise,phlegm,throat_irritation,redness_of_eyes,sinus_pressure,runny_nose,congestion,chest_pain,loss_of_smell,muscle_pain",common cold
I can't seem to get enough air and I'm sweating a lot. I don't feel well and there's a lot of phlegm in my throat. My chest hurts and my heart is racing. The mucus I'm coughing up is reddish in color.,pneumonia
"I have been feeling really fatigued and weak, and I can't seem to get rid of it. I have a mild fever and a strange pain in my abdominal area. I can't understand what is happening.",typhoid
I've been having a lot of pain in my joints lately. My neck has been really stiff and it's hard for me to move it around. My joints have been swelling up and it's hard for me to move around without feeling stiff. Walking has been really painful too.,arthritis
"skin_rash,pus_filled_pimples,scurring",acne
"I have a cough that won't go away, and I'm always sneezing. I also have palpitations, and my infections don't seem to be healing. My throat hurts sometimes, but it usually gets better.",diabetes
"acidity,indigestion,headache,blurred_and_distorted_vision,stiff_neck,depression,irritability,visual_disturbances",migraine
I have a rash all over my body. It's really itchy and I feel really sick.,chicken pox
"I've been suffering from a high fever for the past few days. Sores are forming around my nose and there are rashes on different parts of my body. The sores are severe, and I'm feeling really uneasy these days.",impetigo
"I've been having back pain, a dry cough, and stiffness in my arms and legs. I've also had problems staying balanced and experience dizziness. My neck hurts, too.",cervical spondylosis
"I've had a high fever, especially at night. It's been really bad. I've also had a headache, constipation, and diarrhea. I don't want to eat anything.",typhoid
I have a fever and sores on my face. The sores are taking a long time to heal and are getting infected.,impetigo
"My skin has been really itchy and there are these rashy spots all over. There are also some patches that look different in color than the rest of my skin, and I've had some bumps that are kind of hard.",fungal infection
"The signs and symptoms of pneumonia vary from mild to severe, depending on factors such as the type of germ causing the infection, and your age and overall health. Mild signs and symptoms often are similar to those of a cold or flu, but they last longer. Signs and symptoms of pneumonia may include:  Chest pain when you breathe or cough Confusion or changes in mental awareness (in adults age 65 and older) Cough, which may produce phlegm Fatigue Fever, sweating and shaking chills Lower than normal body temperature (in adults older than age 65 and people with weak immune systems) Nausea, vomiting or diarrhea Shortness of breath  Newborns and infants may not show any sign of the infection. Or they may vomit, have a fever and cough, appear restless or tired and without energy, or have difficulty breathing and eating. When to see a doctor See your doctor if you have difficulty breathing, chest pain, persistent fever of 102 F (39 C) or higher, or persistent cough, especially if you're coughing up pus. It's especially important that people in these high-risk groups see a doctor:  Adults older than age 65 Children younger than age 2 with signs and symptoms People with an underlying health condition or weakened immune system People receiving chemotherapy or taking medication that suppresses the immune system  For some older adults and people with heart failure or chronic lung problems, pneumonia can quickly become a life-threatening condition.",pneumonia
"I struggle to maintain focus, and my mental clarity is really poor. I have trouble remembering things and frequently forget stuff.",drug reaction
"There is strange pain in my stomach area. I don't know what the reason behind this is. Moreover, I am starting to get a mild fever along with chills and headaches.",typhoid
"I have been struggling with back pain, a cough that won't go away, and weakness in my extremities. My neck hurts and I have had problems with dizziness and losing my balance.",cervical spondylosis
I've been having a lot of trouble with my bowel movements lately. It's hard to go and it hurts when I do. My anus is really sore and it's been bleeding when I go. It's really painful and I'm really uncomfortable.,Dimorphic Hemorrhoids
"I've had low temps and blood in my urine for the past three days. My pee smells terrible, and my head hurts so much. I can't control when I need to pee.",urinary tract infection
"I have a runny nose and sneeze a lot. My eyes are sore and watery, and I have a headache.",allergy
"I'm losing hair, and my hair's texture has changed a lot. My dandruff is getting worse, and my dry, itchy scalp. My skin is getting really dry too.",drug reaction
"I have been having back pain, a hacking cough, and weakness in my arms and legs. I also have neck pain and have been dizzy and have trouble balancing.",cervical spondylosis
I have been having a very low temperature and my pee smells really bad. The area near my kidneys hurts a lot and I can't seem to hold my pee. I often get these uncontrollable urges to go to the bathroom.,urinary tract infection
"I have been experiencing intense itching, vomiting, and fatigue. I have also lost weight and have a high fever. My skin has turned yellow and my urine is dark. I have also been experiencing abdominal pain.",jaundice
I awoke this morning to see a horrible rash on my skin. There are several blackheads and pimples loaded with pus. My skin has also been scurrying about.,acne
"I have a skin rash that's red and swollen, and it's spreading all over my body. I have a mild fever and it is causing me a lot of discomforts.",chicken pox
"itching,skin_rash,fatigue,lethargy,high_fever,headache,loss_of_appetite,mild_fever,swelled_lymph_nodes,malaise,red_spots_over_body",chicken pox
"high_fever,blister,red_sore_around_nose,yellow_crust_ooze",impetigo
"I've been experiencing a lot of itching, which has been accompanied with a rash that appears to be growing worse over time. There are also certain areas of skin that are different colours from the rest, and I've spotted several lumps that resemble little nodes.",fungal infection
"I have a fever, headache, and I can't eat. I feel like throwing up. I also have some red spots on my arms.",chicken pox
I have been experiencing a severe headache for the past few days. It is accompanied by pain behind my eyes. I feel tired and fatigued because of which I cannot work all day. I am worried about my health.,dengue
"I've observed that my skin is more sensitive now than it used to be. My skin has a silvery film, especially on my back and elbows.",psoriasis
"My appetite has decreased, and I've been having swallowing issues. I have a sore throat, and my nose has been running.",allergy
"fatigue,cough,high_fever,breathlessness,sweating,malaise,phlegm,chest_pain,fast_heart_rate,rusty_sputum",pneumonia
"I woke up this morning with a headache and chest pain, and as the day has gone on, I've also been feeling dizzy and unsteady on my feet",hypertension
I'm having a lot of trouble with constipation and pain while trying to go to the bathroom. It hurts a lot in my anus and the area around it. My stool has been bloody and my anus is really irritated.,Dimorphic Hemorrhoids
"The high fever, swollen lymph nodes and headache are causing me a lot of trouble. I don't feel like eating anything and feel weak and fatigued. It's hard for me to concentrate on my daily life.",chicken pox
"I've been experiencing muscular weakness and stiffness in my neck recently. My joints have swollen, making it difficult for me to walk about without becoming stiff. Walking has also been excruciatingly uncomfortable.",arthritis
I regularly experience these intense urges and the want to urinate. I frequently feel drowsy and lost. I've also significantly lost my vision.,diabetes
I have a metallic taste in my mouth and my sense of taste and smell is different. I also have severe joint and muscle pain.,drug reaction
"I've got a cold. I'm coughing a lot, and my nose is running like crazy. I can't smell anything, and my chest hurts. My muscles are sore too.",common cold
The abdominal pain has been frequent and really painful. Constipation and vomiting have also occurred. I'm quite worried about my health.,typhoid
"For the past few weeks, I've had a skin rash on my arms, legs, and chest. It's red and irritating, with dry, scaly spots. I have a strange pain in my joints too.",psoriasis
"I'm having problems breathing and have a very high fever. I'm perspiring a lot and experiencing extreme fatigue and chilly. My heart is racing, and I'm coughing up some brownish mucus.",pneumonia
I am experiencing a decrease in my sex drive and difficulty to fucntion sexually. I feel very light headed and confused and often experince brain fog,drug reaction
"I have been feeling lightheaded and unsteady on my feet, and have also noticed a decline in my ability to focus and concentrate.",hypertension
"continuous_sneezing,shivering,watering_from_eyes",allergy
I have a rash all over my body that is itchy and red. Some of the patches are a different color than my skin and there are some lumps or pimples on my skin.,fungal infection
"I frequently sneeze, and my nose runs. I constantly cough, and my eyes are sore and watery. My head hurts all the time.",allergy
I have small lymph nodes on my arms and face that are starting to swell. I've been really miserable all day because of the constant itching and pain.,chicken pox
"I've been feeling unwell for a while now. I have a headache, chest pain, and I feel unstable and have balance issues. I also have trouble focusing.",hypertension
"The skin around the veins on my legs is dry and flaky, causing discomfort and irritation. I am also starting to get frequent cramps.",varicose veins
"I've been quite constipated lately, and going to the restroom has been excruciatingly uncomfortable. I've also observed blood in my stool, and my anus has been aggravated.",Dimorphic Hemorrhoids
"I have been experiencing acidity, indigestion, and frequent headaches, as well as blurred and distorted vision, excessive hunger, a stiff neck, depression, irritability, and visual disturbance.",migraine
"The veins in my calves are protruding out quite unusually. I am worried about it. Also, I am overweight and I believe this is the reason behind all of this.",varicose veins
"I have been having back pain, a cough, and weakness in my limbs. My neck is sore and I have been dizzy and have had trouble keeping my balance.",cervical spondylosis
The swelling in my legs has gotten worse over the past few weeks and is causing me difficulty fitting into my shoes. It is also causing discomfort when I sit for long periods of time.,varicose veins
"My mouth is filled with an acidic, sour flavour. Burping and belching are frequent in me. For a few hours, my upper abdomen has felt pressured or full.",Peptic Ulcer Disease
"I've been itching a lot recently, and my skin is covered in rashy patches. There are also some areas where my skin doesn't look like its normal color, and I've had some painful lumps.",fungal infection
"I've been having frequent, strong, sudden urges to urinate. I occasionally urinate with blood in it, and the stench is horrible. What ought I to do if I think I'm infected?",urinary tract infection
"I've been having a persistent cough, trouble breathing, and fatigue. I have a fever and I've been coughing up a lot of thick, mucusy sputum. I feel pretty sick because of how tired and drained I am.",bronchial asthma
I have been feeling really thirsty and have been urinating a lot more than usual. My mouth and throat are always dry. I have also been feeling really hungry and have been eating a lot more than usual.,diabetes
I've been experiencing joint pain and skin peeling. I'm worried about what's going on with my body.,psoriasis
"I've been itching and have rashy patches all over my skin recently. There are also some regions that don't appear to be the regular tone of my skin, and I've experienced some painful bumps.",fungal infection
"My muscles have been quite weak, and my neck has been really stiff. My joints have swollen, making it difficult for me to walk about without feeling stiff. Walking has also been really uncomfortable.",arthritis
"I've been coughing a lot recently, and it hurts when I breathe deeply. I'm also feeling really cold and tired, and my heart is beating really fast. When I cough, I sometimes cough up phlegm that's a little bloody.",pneumonia
"I have to use the restroom frequently, yet only a few drops of pee are usually produced. My stomach aches a lot, and I can't seem to control the desire to urinate.",urinary tract infection
I've been feeling really sick. I have a runny nose and a lot of congestion. I've been coughing a lot and I have a lot of chest pain. My fever is really high and I've been feeling really achy.,common cold
"skin_rash,high_fever,blister,red_sore_around_nose",impetigo
"I've been coughing nonstop for days, and I also have respiratory issues. My fever is through the roof, and I'm so weak and worn out. All of these symptoms have been really challenging for me to control,",bronchial asthma
My legs hurt a lot when I stand or walk for a long time. I get cramps when I do physical activities. I also have bruise marks on my legs.,varicose veins
"chills,fatigue,cough,high_fever,breathlessness,sweating,malaise,phlegm,chest_pain,fast_heart_rate,rusty_sputum",pneumonia
"I have been experiencing neck pain, weakness in my arms and legs, and a persistent cough. I also have balance issues and dizziness.",cervical spondylosis
"I've had a high fever, vomiting, chills, and intense itching. I also have a headache and am sweating a lot. I'm feeling nauseous, and my muscles hurt a lot.",malaria
"vomiting,indigestion,loss_of_appetite,abdominal_pain,passage_of_gases,internal_itching",Peptic Ulcer Disease
"I've been experiencing severe muscular weakness, and my neck has been really stiff. I have swollen joints and find it difficult to move about without becoming stiff. It has also been really uncomfortable to walk.",arthritis
"My persistent cough, breathing problems, and exhaustion have been making things difficult for me. I've been producing copious amounts of thick, mucoid sputum while also having a high fever. I'm currently feeling fairly ill because everything has been so tiring and exhausting.",bronchial asthma
The prominent blood vessels on my calves are causing self-consciousness and embarrassment. I believe the problem is because of my overweight.,varicose veins
The rash on my skin is worse in the winter months when the air is dry. I find that I have to moisturize more frequently and use humidifiers to keep my skin hydrated.,psoriasis
"fatigue,weight_loss,restlessness,lethargy,irregular_sugar_level,blurred_and_distorted_vision,obesity,increased_appetite,polyuria",diabetes
I have gained a lot of weight and am now very obese. I have different urges and different appetites. I have been taking a new medication for my depression.,drug reaction
"I've had a tendency of itching on my skin, that frequently turns into a rash. There are also some strange patches of skin that are a different tone than the rest of my skin, and I regularly get little lumps that mimic nodules.",fungal infection
"I have been feeling very sick for the past few days. I have severe joint pain, I feel like vomiting all the time, and I have a mild headache.",dengue
"I have breathing problems, especially when I'm outside. I'm suddenly flushed and perspiring. I experience yeast infections and urinary tract infections rather regularly.",diabetes
"I have been experiencing chills and shivering, despite being in a warm environment. My back pains all the time and there are red spots on my arms.",dengue
"I have been feeling dizzy and lightheaded, and I have also had trouble keeping my balance. I have also had a headache that has not gone away.",hypertension
"My skin has a horrible rash that is absolutely nonheritable. Blackheads and pus-filled pimples abound on it. In addition, my skin has been quite sensitive.",acne
"I've been having frequent headaches, stomach acid, indigestion, hazy and distorted vision, increased appetite, stiff neck, depression, irritation, and visual distortion.",migraine
I have a rash that won't go away and it itches. I also have some color-different areas and bumps on my skin that resemble knots or lumps.,fungal infection
"I have pain in my abdomen, and often get feverish. I have sudden and strong urges to pee. The pain is almost constant, and often increases at night time. My pee almost always has a foul smell",urinary tract infection
I have been having a fever for a few days now and it's starting to get worse. I also have a terrible stomach ache and I'm constipated.,typhoid
"I have been feeling depressed and irritable, and have noticed a change in my vision.",migraine
"I have been having severe belly pain and constipation for the past few days. I also have a fever, chills, and headaches every night. I am really uncomfortable.",typhoid
Standing or walking for long periods of time has been causing a lot of pain in my legs. It feels like a cramp and becomes worse the longer I am on my feet.,varicose veins
"I have a rash on my skin that is itchy and irritating. It is also flaky. It has spread to other areas of my body, including my chest and belly. It is worse at night.",psoriasis
"headache,chest_pain,dizziness,lack_of_concentration",hypertension
"Along with eyesight problems, increased appetite, a sore neck, melancholy, irritability, and regular headaches, I have also been experiencing acid reflux, indigestion, and frequent dizziness. My regular activities have been made more tough by these symptoms, which have been causing me a great deal of distress.",migraine
"I feel bloated and uneasy at the same time. I've been losing weight, and I no longer like eating. I occasionally get bloody vomit and dark, tarry stools.",Peptic Ulcer Disease
"back_pain,weakness_in_limbs,neck_pain,dizziness",cervical spondylosis
"fatigue,cramps,bruising,obesity,swollen_blood_vessels,prominent_veins_on_calf",varicose veins
"I have been having headaches for a long time. They are usually on one side of my head and are very painful. I also get nausea, vomiting, and sensitivity to light and sound.",migraine
"I've been having a lot of trouble breathing, and I feel like I'm constantly nauseous. I also have mild belly pain. It's been really scary.",typhoid
I've been feeling really thirsty and hungry lately. I also feel really tired sometimes.,diabetes
"I've noticed a difference in my monthly cycle and an unexpected vaginal discharge. I become irritable every now and again, and my moods swing a lot.",drug reaction
I have been feeling very thirsty and hungry lately. I also feel very tired at times.,diabetes
I'm always thirsty and I'm peeing a lot. I'm also losing weight and I'm feeling really tired.,diabetes
I have asthma like symptoms like wheezing and difficulty breathing. I often get fever and have headaches. I feel tired all the time,allergy
"I've been having a headache that feels like a tight band around my head, and I've also been having chest pain and dizziness.",hypertension
"fatigue,cramps,bruising,obesity,swollen_legs,swollen_blood_vessels,prominent_veins_on_calf",varicose veins
There is blood in my urine and I have a low fever. My head hurts almost all the time and I get very strong uncontrollable urges to pee. I have been having pain in lower back also ,urinary tract infection
"Bloating and unease are both present in me. I've been losing weight and losing interest in food. I occasionally get tarry, black stools and vomit that contains blood.",Peptic Ulcer Disease
I've been having mood swings and my monthly cycle has changed. I've also had some unexpected vaginal discharge.,drug reaction
"I have trouble focusing, and my emotions fluctuate. My brain might seem murky and foggy at times, making it difficult for me to complete even straightforward chores.",diabetes
"My muscles have been feeling really weak, and my neck has been extremely tight. I've been experiencing a lot of stiffness when I walk about and my joints have been swollen. Walking has also been really uncomfortable.",arthritis
"My skin has been acting up recently, it's been itchy and I've been getting rashes. There are also some spots that are a different color than the rest of my skin, and I have these lumps or bumps that weren't there before.",fungal infection
"My calves have been cramping up when I walk or stand for long periods of time. There are bruise marks on my calves, which is making me worried. I feel tired very soon.",varicose veins
"Along with excessive appetite, a stiff neck, depression, impatience, and visual disturbance, I've also been suffering indigestion, headaches, blurred vision, and stomach problems.",migraine
I have noticed cramps in my calves are becoming more frequent and intense. It is causing me a lot of discomforts. I am also overweight and my legs have started to swell.,varicose veins
"I constantly sneeze and have a dry cough. My infections don't seem to be healing, and I have palpitations. My throat does ache occasionally, but it usually gets better.",diabetes
"I've been having a headache and chest pain all day, and I'm also feeling dizzy and unsteady on my feet.",hypertension
"I have a high fever, chills, and severe itching. I have a headache and am also perspiring a lot. I've been bothered by nausea as well as muscle ache.",malaria
"My skin frequently develops itchy bumps that can occasionally turn red or rough. Aside from that, my skin occasionally develops strange pimples that resemble small balls and some odd spots that are a different hue from the rest of my skin.",fungal infection
"My skin is itchy and red. Sometimes, it can peel. My lips and cheeks swell, and it is really annoying. I sometimes get headaches and watery eyes because of the swelling.",allergy
"My lower abdomen aches, and it feels like it may explode when I urinate. Since I began experiencing these new symptoms, my body temperature has been consistently low. That's why I've been weak.",urinary tract infection
"I can't stop sneezing and my nose is really runny. I'm also really cold and tired all the time, and I've been coughing a lot. My fever is really high too, like way above normal.",common cold
"I've been feeling really sick for the past few days. I have a high fever, chills, and intense itching. I've also been vomiting and sweating a lot. My head hurts and I feel nauseous and achy all over.",malaria
"I've been feeling really hot and sweaty, and I've been throwing up. I've also been having chills, and my skin is really itchy. I've been having a headache, and I've been feeling really nauseous and achy.",malaria
"I've been dealing with a bad cough, breathing issues, and drowsiness. I've been coughing up a lot of thick, mucoid sputum and have a high fever. All of this has been really exhausting and exhausting, and right now I'm feeling rather ill.",bronchial asthma
"My tongue also changes in taste and scent, leaving a metallic aftertaste. can have excruciating joint and muscle pain",drug reaction
"I've had a persistent headache for the past week, and it's been getting worse. It's been accompanied by belly aches, constipation and diarrhea.",typhoid
"Recently, I've been scratching myself a lot, and my skin is covered with rashy places. Additionally, I've had a few pimples that are rather firm, and there are certain spots on my body that have a different shade of brown than the rest of my skin.",fungal infection
I have rashes that sometimes cause my skin to flake off. I'm more likely to get sick because of this. My hands sometimes shake and I feel shaky.,drug reaction
"I've been feeling very sick. I have a high fever, chills, and severe itching. I've also been sweating a lot and have a headache. I've also been feeling nauseous and have muscle aches.",malaria
I have a rash on my face. I have small sores around my nose and they are very painful. Sometimes a yellow fluid comes out of the sores.,impetigo
I'm sweating a lot and can't catch my breath. My throat is full of phlegm and I feel awful. My heart is racing and my chest hurts. I'm coughing up brown stuff.,pneumonia
"My nose is extremely runny, and I can't seem to stop sneezing. In addition, I constantly feel cold, exhausted, and I've been coughing a lot. My fever is also really high far above normal.",common cold
"I've been sneezing a lot, and my eyes are constantly watering. My nose is stuffy, and it's hard to breathe. I'm tired all the time, and I've been coughing up a lot of phlegm. My lymph nodes are also swollen.",common cold
I've been itchy and throwing up. I've lost weight and am also really exhausted. My skin has become yellow and I have a severe temperature. My stomach has also been hurting.,jaundice
"I've been experiencing stiffness and weakness in my neck muscles recently. Since my joints have grownup, it's heavy on behalf of American state to run whereas not getting stiff. additionally, walking has been very uncomfortable.",arthritis
I was in the middle of a workout when I suddenly felt lightheaded and dizzy. I also had a headache and chest pain. I've been having trouble balancing myself since then.,hypertension
"Hey Mom, Hey Dad, I've been feeling really exhausted lately and have had this persistent cough. My breathing has become shallow, and my fever is very high. I've also been coughing up a lot of thick, mucoid sputum",bronchial asthma
"I'm experiencing a high fever, chills, nausea, and severe itching. I also have a headache and have been sweating a lot. I've also been experiencing muscle aches.",malaria
"I've been feeling really weak and tired lately, and I have a cough that just won't go away. I've also been running a high fever, and it's been hard for me to breathe. I've been coughing up a lot of mucous.",bronchial asthma
"The skin around the veins on my legs is red, inflamed, and itchy. It is causing a lot of discomforts and I am starting to get regular cramps.",varicose veins
"I'm suffering from intense itching, chills, vomiting, and a high fever. I've also been sweating a lot and have a headache. Nausea and muscle pain have also been bothering me.",malaria
I have been experiencing neck pain and feeling lightheaded and unstable on my feet.,cervical spondylosis
"I've been wheezing a lot and am generally feeling sick and exhausted. My throat feels really scratchy, and a lot of gross stuff is flowing out of my nose. My neck also feels bloated.",common cold
"I've had a high fever, particularly at night. It's been quite unpleasant. There is a little headache, as well as constipation and diarrhea. I don't feel like eating anything.",typhoid
"My skin has been really scratchy, and there are rashes all over my body. I have some bumps that are quite firm, as well as some areas that are a darker shade from the rest of my skin. It's extremely unpleasant.",fungal infection
I have been having pain in my bladder and have been getting ,urinary tract infection
I have noticed that my legs are swollen and the blood vessels are visible. I have swollen legs and I can see a stream of swollen veins on my calves.,varicose veins
The skin rash I have developed is accompanied by redness and swelling. I don’t feel well as I have severe fever accompanied with body pain.,dengue
"I have headaches and migraines, and I have been having difficulties sleeping. My entire body has been shaking and twitching. Sometimes I become lightheaded.",drug reaction
I've been feeling really weak in my muscles and my neck has been really stiff. My joints have been swelling up and it's hard for me to move around without feeling stiff. Walking has been really painful too.,arthritis
"Along with a change in taste and smell, my tongue also has a metallic aftertaste. occasionally get severe joint and muscular pain",drug reaction
"I have a red, itchy rash on my face, especially around my nose, mouth, and eyes. My nails are also inflamed.",psoriasis
The muscle pain I have been experiencing is severe and feels like a constant ache. There are red spots all over my body and the itching is causing me a lot of discomfort.,dengue
"I unknowingly lose weight and find it difficult to gain weight. To relieve the pain and discomfort I feel, I take antacids. My mouth hurts so much.",Peptic Ulcer Disease
"itching,skin_rash,fatigue,lethargy,high_fever,headache,mild_fever,swelled_lymph_nodes,malaise,red_spots_over_body",chicken pox
"chills,fatigue,cough,high_fever,sweating,malaise,phlegm,chest_pain,fast_heart_rate,rusty_sputum",pneumonia
"I'm sweating profusely and finding it difficult to catch my breath. I feel quite ill, and my throat is very mucous. My heart is pounding, and my chest aches. I'm coughing up thick mucous that resembles rust.",pneumonia
"My muscles haven't been very strong, and I've been experiencing back ache. I've been feeling lightheaded and wobbly on my feet, and my neck hurts.",cervical spondylosis
The skin on my palms and soles is thickened and has deep cracks. These cracks are painful and bleed easily.,psoriasis
I have been feeling sick to my stomach and have been throwing up. My head hurts really bad and I have some red spots on my arms.,dengue
I have been having frequent headaches and blurred vision.,migraine
"My skin occasionally peels off the rashes that I have. This makes me more vulnerable to infections. My hands begin to shake, and occasionally I have tremors.",drug reaction
"I've been feeling really sick. I've had a fever, I've been losing weight, and I've been feeling really tired. My skin and my urine have turned yellow, and I've been having stomach pain.",jaundice
I have been feeling really sick. My body hurts a lot and I have no appetite. I have also developed rashes on my arms and face. The back of my eyes hurt a lot.,dengue
I'm feeling quite ill. I have a high fever and a headache. Rashes appeared on my arms and face. I'm quite concerned about this. I saw red sores around my nose and lips today.,impetigo
"I have a rash on my legs that is giving me a lot of pain. There appears to be a cramp, and I can see visible veins on the calf.",varicose veins
"I have thick, cracked skin on my fingers and soles that hurts and bleeds frequently. The skin is also itchy and covered with scales.",psoriasis
I've been feeling really tired and sick. I've had a bad cough and sore throat. I've been shivering and have a fever. I just feel really run down.,common cold
"I've noticed that my legs have been swollen for a few weeks now, and it's starting to get worse. I'm also having trouble fitting into my shoes, and it's uncomfortable to sit for long periods of time.",varicose veins
"I've had ongoing health problems for a week, including a dry cough, breathing difficulties, and general weakness.",bronchial asthma
"I've been having a high fever, chills, and intense itching. I also have a headache and I'm sweating a lot. I've been feeling nauseous and my muscles are aching.",malaria
"I feel tired all the time, I have lost my taste and have a really sore throat. I also get feverish and often have muscle aches. Sometimes my whole body just cramps up",allergy
"Strong itchiness and nausea have been bothering me. I have also lost weight and am really exhausted. I have a high fever, and my skin is becoming yellow. In addition to feeling stomach ache, my pee is black.",jaundice
"I have these itchy, rashy spots all over my skin. They're also a different color than the rest of my skin, and I have some bumps that are kind of hard.",fungal infection
I frequently get swallowing issues and the sensation that food is getting stuck in my throat. I regularly belch and feel bloated. My aftertaste is unpleasant all the time.,Peptic Ulcer Disease
I feel my muscles trembling and shaking. I feel worn out and my senses of taste and smell have diminished. Sometimes I have palpitations or a quick heartbeat.,diabetes
"I have noticed a sudden peeling of skin at different parts of my body, mainly arms, legs and back. Also, I face severe joint pain and skin rashes.",psoriasis
My legs are causing a lot of discomforts when I exercise. I get frequent cramps and the blood vessels have become quite noticeable.,varicose veins
"I have been getting a headache for the past week that has been growing worse. It has been accompanied by stomach pains, constipation, and diarrhea. I don't know what is happening and I am really worried about it.",typhoid
I have varicose veins on my legs and they are very noticeable. They are also uncomfortable and I get cramps when I run.,varicose veins
"I'm always tired, my mouth tastes bad, and my throat itches. My muscles are hot and hurt, and sometimes my whole body cramps up.",allergy
"I constantly have a dry cough. My infections don't seem to be healing, and I have palpitations. My throat hurts occasionally, but it does appear to get better.",diabetes
"I've had a high fever for the past few days, and it's starting to worry me. I don't know what's causing it. Also, I have red spots all over my arms and legs, some of which are swollen.",chicken pox
"I've been having headaches, blurred vision, and acid reflux. These symptoms have been bothering me and interfering with my usual activities.",migraine
"Doctor, I have these red rashes that keep popping up and my skin is continuously itching. In addition, I've observed some odd color-different spots on my skin, as well as some little nodules on my skin that appear to be expanding.",fungal infection
"My skin has changed from being less sensitive to being more sensitive. My skin has a silvery coating, especially on my back, elbows and knees.",psoriasis
"Along with headaches, indigestion, acid reflux, excessive appetite, a sore neck, sadness, impatience, and visual disturbance, I have also been feeling blurred and distorted vision.",migraine
"I have been experiencing muscle pain and headache. The muscle pain is like a constant ache that is worse when I try to use the affected muscles. I also have small red spots developing on my face, neck and arms.",dengue
"I've noticed that the sores on my face are taking a long time to heal and are more likely to get infected. The sores on my cheeks are big, painful, and difficult to treat. I can't seem to get rid of them.",impetigo
"I have itching all over my body, and rashes in my chest and back. I get flaky skin from time to time and often this leaves marks on my body.",drug reaction
I'm tired and my neck feels swollen. My eyes are bloodshot and my throat is scratchy. My nose is stuffed up and my face feels like it's under pressure. I can't smell anything and my chest hurts.,common cold
"Over the last week, the rash on my face has gotten more severe and painful, and the sores have begun to discharge a yellow colored fluid. It's becoming increasingly painful by the day.",impetigo
I have a sore throat and I sneeze a lot. Sometimes my eyes and lips swell up. I can't stop sneezing once I start.,allergy
"I've experienced severe itching, chills, nausea, and a high fever. Besides having a headache, I'm also perspiring a lot. I've been terrible with nausea and muscle ache.",malaria
"I have been dealing with back pain, a persistent cough, and weakness in my limbs. My neck is sore and I have had issues with dizziness and loss of balance.",cervical spondylosis
"I've been having a hard time breathing lately. I feel like I can't get enough air, and I'm always coughing. I've also been really tired, and I've been coughing up a lot of mucus. I'm not sure what's wrong with me, but I'm really worried.",bronchial asthma
"When I have a fever, I feel quite woozy and lightheaded. My heart is pounding, and my head is absolutely foggy. My ability to think properly is impaired, and everything appears to be somewhat blurry.",drug reaction
"back_pain,weakness_in_limbs,neck_pain,loss_of_balance",cervical spondylosis
"Recently, I've felt quite weak and exhausted, and I've also had a cough that simply won't go away. My fever has been really high, and it has been challenging for me to catch my breath. I've been making a lot of mucous when I cough.",bronchial asthma
"I've been having trouble breathing, and I've been coughing a lot. I've been coughing up a lot of thick, mucoid sputum and have a high fever.",bronchial asthma
"skin_rash,high_fever,red_sore_around_nose,yellow_crust_ooze",impetigo
"I'm having severe stomach pain and constipation. Every night, I get a headache and chills. The last few days have been really painful.",typhoid
I have a lot of red spots on my arms and back. They are itchy and I feel tired all the time. I am worried about what it could be.,chicken pox
"I've been experiencing dizziness and shakiness, as well as a loss in my attention span and ability to concentrate.",hypertension
I have pain in my pelvic area and I vomit a lot. Sometimes there is blood in my pee and it smells really bad. I also get headaches and have trouble sleeping.,urinary tract infection
"I have a rash on my back and chest, and my skin is itchy. Sometimes my skin is dry and flaky, which often results in body stains.",drug reaction
"I've been coughing a lot and having trouble breathing. I'm also very tired and weak, and I have a high fever.",bronchial asthma
"I have been having severe itching, vomiting, and fatigue. I have also lost weight and have a high fever. My skin has turned yellow and my urine is dark. I am also experiencing abdominal pain.",jaundice
"All over my body has been itching like crazy, and now there are red areas all over. Additionally, some of the patches have a different tone than my natural skin. And on my skin, there are these lumps or pimples that have developed.",fungal infection
I have blurry vision and it's getting worse. I'm always tired and I get dizzy and lightheaded sometimes.,diabetes
I've been experiencing stiffness and weakness in my neck muscles recently. My joints have grown stiff and it's hard for me to run without getting stiff. Walking is also very uncomfortable.,arthritis
I have a fever and I can't breathe through my nose or mouth. I'm tired and I've been coughing up mucus. Can you recommend some medications?,bronchial asthma
"I've had a fever, a cough that won't go away, and shortness of breath. In addition, I've been coughing up a lot of thick, mucoid saliva and I feel quite worn out and weak.",bronchial asthma
"I've recently had chills, exhaustion, a cough, a high temperature, and breathing issues. I've been perspiring a lot and generally feeling weak and ill. I've had some quite thick and black phlegm. My heart has been racing quite quickly.",pneumonia
"There are red swollen spots all over my body. It itches if I touch them. Moreover, I also have a high fever and headache and always feel exhausted.",chicken pox
I've been sneezing a lot and my nose is running. I'm also really tired and my head hurts. I think I have a fever too.,common cold
"My arms and face have small lymph nodes, which are starting to swell. My day has been made really miserable by the constant itching and pain.",chicken pox
"I've been having a runny nose and sneezing for a few days. My eyes are also red and irritated. I've been coughing a lot, and my chest feels tight. I can't smell anything, and my muscles are aching.",common cold
"I have a chronic bad breath and a sour taste in my mouth, It sometimes gets difficult to swallow food because of this tingling sensation in my throat",Gastroesophageal Reflux Disease
I have a high fever and am really weak. My face has gotten sores. The blisters are itchy and painful. A yellow ooze frequently leaks from the wounds.,impetigo
"I've been having headaches, chest pain, dizziness, and trouble standing up straight. I also feel like I can't concentrate as well as I used to.",hypertension
"I've been feeling really sick lately. I've been having a high fever, chills, and severe itching. I've also been vomiting and sweating a lot. I have a headache and nausea, and my muscles are sore.",malaria
"I have heartburn and indigestion. I regularly throw up everything I eat, and swallowing is difficult for me since food gets stuck in my throat. I'm experiencing pain in my upper abdomen.",Gastroesophageal Reflux Disease
"I have been experiencing pain in my legs, especially when I exercise. The veins in my legs are also very prominent and painful. I feel fatigued all the time.",varicose veins
"I've been having trouble with my balance, I've been having chest pains, headaches, and pains all over my body. I've also been having trouble focusing.",hypertension
"I have trouble breathing, especially when I exercise. I sweat and get flushed for no reason. I get yeast infections and urinary tract infections a lot.",diabetes
My muscles are weak and my neck is stiff. My joints are swollen and it hurts to walk.,arthritis
"My skin has merely developed an uninherited rash. It has a lot of pus-filled pimples and blackheads. Furthermore, my skin has been quite sensitive.",acne
"I've been having a fever, chills, and vomiting. I've also been sweating a lot and have a headache. I've also been feeling nauseous and my muscles are aching.",malaria
"I've been losing weight and feeling really tired. My skin has turned yellow, and I have a fever. My urine is dark, and I've been having stomach pain.",jaundice
I have been feeling very sick. I have been vomiting and have a high fever. My skin has become yellow and my urine is dark. I also have abdominal pain.,jaundice
"I have been struggling with digestive issues, including acid reflux and indigestion, as well as regular headaches and impaired vision, excessive hunger, a sore neck, depression, irritability, and visual disturbance",migraine
I have a rash with little bumps that are itchy and painful. I also have a fever and feel tired.,chicken pox
"I don't feel like eating, and swallowing is challenging. Even after little meals, I frequently get this lingering sensation of fullness. My normal symptoms include nausea, heartburn, and tingling in my throat.",Gastroesophageal Reflux Disease
"I've been having trouble seeing things clearly, and it seems to be getting worse. I'm also always tired and worn out, and I sometimes get dizzy and lightheaded.",diabetes
"I have a rash that started out as small red sores near my nose and neck. The sores have gotten more painful and inflamed in recent days, and I have a high temperature.",impetigo
I've been feeling really weak and my neck is really stiff. It's hard to move around because my joints are swollen and it's uncomfortable to walk.,arthritis
"fatigue,cough,high_fever,family_history,mucoid_sputum",bronchial asthma
"I've been having trouble seeing things clearly, and it seems to be getting worse. I'm also always tired and worn out, and I get dizzy and lightheaded a lot.",diabetes
I'm having trouble breathing and have a fever. I'm sweating a lot and feel really tired and cold. My heart is racing and I'm coughing up some brown mucus.,pneumonia
"I've been quite itchy recently, and I have rashy places all over my body. There are also some regions that don't appear to be the typical hue of my skin, and I've experienced some firm lumps.",fungal infection
"I have persistant, gnawing hunger and apetite. Sometimes I get abdominal cramps and spasms. There is bloating and gas after eating which causes me a great deal of uneasiness",Peptic Ulcer Disease
"I have also been experiencing flu-like symptoms, such as fever and body pain. I have noticed red rashes and blistering sores near my nose and lips. It's itchy and uncomfortable.",impetigo
"My entire body is trembling and shaky. I've lost my ability to taste and smell, and I'm worn out. I sometimes get a racing heart or palpitations.",diabetes
"In addition to sleepiness, I've been having trouble breathing due to a persistent cough. I've been coughing up a lot of thick, mucoid sputum and have a high fever.",bronchial asthma
"Along with a headache, chest pain, instability, and balance issues, I've also been feeling dizzy. I also think I'm having problems focusing.",hypertension
The skin around the veins on my legs is red and inflamed. I believe I can see some of the swollen blood vessels. I am really worried about it.,varicose veins
I've been having diarrhea for a few days now. It's really uncomfortable and it comes and goes. I also have stomach aches and vomiting.,typhoid
"I have skin irritations and rashes, especially in the crevices of my skin. My skin bruises and cuts take a while to heal as well.",diabetes
"I've been experiencing back pain, a dry cough, and muscle weakness. I've been experiencing neck pain, feeling lightheaded, and having trouble standing still.",cervical spondylosis
"This morning, I saw a large rash all over my body. There are a lot of pus-filled pimples and blackheads all over my face, and my skin has been scurrying a lot.",acne
"I have been having back pain, a productive cough, and limb weakness. I also have balance and dizzy concerns, and my neck hurts.",cervical spondylosis
"skin_rash,blister,red_sore_around_nose,yellow_crust_ooze",impetigo
I have some veins on my legs that are swollen and protruding from my skin. They are very noticeable and make me self-conscious.,varicose veins
"I've been having periodic coughing fits, terrible back pain, and limb weakness. I've been feeling neck pain as well as a dizzy and unstable sensation.",cervical spondylosis
The headache I have been experiencing is severe and is accompanied by a feeling of pressure in my head. I have mild fever along with headache. There are small red spots on my back.,dengue
"I'm really sick. I have a fever, chills, and a headache. I've been vomiting and sweating a lot. I also have muscle pain and nausea.",malaria
My is pee is dark and often bloody and often has a very unfathomable smell. I have been having temperature fluctuations pretty frequently and often am not able to sleep at night because of this,urinary tract infection
"I have a sore throat or hoarseness, especially in the morning. I have a chronic nagging pain in my throat and bad breath. I also have frequent belching",Gastroesophageal Reflux Disease
"My vision is foggy, and it appears to be growing worse. I feel exhausted and worn out all the time. I also have severe dizziness and lightheadedness on occasion.",diabetes
"I have been feeling very sick. I have been vomiting, I have a fever, and I have been itching all over. My skin has turned yellow, and my urine is dark. I have also been having abdominal pain.",jaundice
"I have lost my appetite and have noticed a significant weight loss. I have abdominal pain, especially in the area of my stomach and intestines. I am concerned about my health.",typhoid
I've been feeling truly frail in my muscles recently and my neck has been truly solid. It has been difficult for me to move around because my joints have been swelling. Walking has also been extremely painful.,arthritis
My throat and mouth are dry. I've also been feeling more hungry and more hungry. But sometimes I do feel quite exhausted.,diabetes
"Recently, I've been suffering neck muscle weakness and stiffness. My joints have enlarged and it is difficult for me to walk without feeling stiff. Walking has also been excruciatingly uncomfortable.",arthritis
"I have a chronic cough, back ache, and limb weakness. I also have disorientation and balance loss, and my neck hurts.",cervical spondylosis
I've been vomiting for the past few days and I have stomach cramps. I feel dizzy and weak. I also have a pain behind my eyes.,dengue
"I have been having diarrhea for a few days now. I have loose, watery stools and I have to go to the bathroom a lot. I also feel nauseated and have lost my appetite. I have a mild fever too.",typhoid
"I've been having a fever, vomiting, chills, and severe itching. I also have a headache and am sweating a lot. My discomfort has also been accompanied by nausea and muscle pain.",malaria
I've been drinking a lot more water and going to the bathroom a lot more often. My mouth and throat are always dry. I've been really hungry and eating a lot more lately.,diabetes
"I have been experiencing back pain that is worse when I sit or stand for a long time. Also, there are rashes all over my body. There is a pain behind my eyes too.",dengue
"I have a runny nose and sneeze a lot. My eyes are sore and watery, and I have a hoarse voice. My head hurts all the time.",allergy
"I have red, scaly patches on my skin. They are itchy and sometimes painful. They are usually on my knees, elbows, and scalp.",psoriasis
"I've been having back pain, a cough, and weakness in my arms and legs. My neck hurts, and I've been feeling dizzy and off-balance.",cervical spondylosis
"I've been having a lot of pain in my joints, especially in my neck and shoulders. It's hard to move around and I'm always feeling stiff. I've also been having trouble sleeping because of the pain.",arthritis
"chills,vomiting,sweating,headache,nausea,diarrhoea,muscle_pain",malaria
I have no energy and have lost my appetite. I have a high fever and severe headache and don't know what's wrong.,chicken pox
"I have been suffering from acid reflux, indigestion, and frequent headaches, as well as distorted vision, excessive hunger, a sore neck, depression, irritability, and visual disturbance.",migraine
I have developed red spots on my arms and legs that are itchy and inflamed. I have been feeling nauseaus and have a constant urge to vomit. This is accomapanied by mild fever.,dengue
"I've been having a fever for a few days, and it's been getting worse. I've also been having chills, and my skin is really itchy. I have a headache, and I'm sweating a lot. My muscles are sore, and I just feel really sick.",malaria
I have to pee a lot and I'm always hungry. I get dizzy and confused a lot. I've also lost my eyesight.,diabetes
"I've been feeling really itchy all over my body, and I have a rash that's red and inflamed.",chicken pox
"I've been feeling really sick. I've had a fever, chills, vomiting, and severe itching. I've also had a headache, and I've been perspiring a lot. I've been feeling really nauseous and my muscles ache.",malaria
"I've been having headaches, blurred vision, and acid reflux. These symptoms have been disturbing me and interfering with my usual activities.",migraine
"I have red, watery eyes all the time. My sinuses have also been bothered by a constant tightness. My breathing has been quite tough, and I've been feeling worn out all the time. My lymph nodes are irritated, and I also have a lot of throat mucous.",common cold
"I've been coughing a lot, and I feel cold and shivery. My nose is stuffy, and I feel pressure in my face. I have a lot of phlegm, and coughing hurts my chest. I can't smell anything, and my muscles hurt.",common cold
"fatigue,high_fever,breathlessness,family_history,mucoid_sputum",bronchial asthma
My shivers and shivering have been accompanied with a sensation of coldness and a very high fever. Rashes on my arms and red patches on my neck have also appeared. ,dengue
I have a rash on my skin that is spreading rapidly. It is very itchy and I can hardly sleep at night.,chicken pox
"I have back pain, difficulty breathing, and weakness in my limbs. I also have balance and dizziness issues, and my neck hurts.",cervical spondylosis
"I have a sore throat and a lot of sneezing. There are times when the skin around my eyes and my lips swell. I find that once I start, I just cannot stop.",allergy
"My muscles are weak and my neck is stiff. My joints are swollen, which makes it hard for me to walk without feeling stiff. Walking is also uncomfortable.",arthritis
"I have been struggling with acid reflux, indigestion, and headaches, as well as blurred and distorted vision, excessive hunger, a sore neck, depression, irritability, and visual disturbance. These symptoms have been causing me a lot of problems and making it difficult to concentrate and function normally.",migraine
I feel weak and tired. I can't taste or smell things as well as I used to. Sometimes my heart beats fast or I feel like I'm going to pass out.,diabetes
I recently had a horrible rash on my skin. There are several blackheads and pus-filled pimples. My skin has also been moving around a lot.,acne
"I have sores on my face, mostly near my nose and lips. They are painful and have a yellow or rust-colored discharge.",impetigo
I have a stuffy nose and a blocked nose. I also have stiffness and chest pain at night. I can't taste or smell anything.,allergy
I've been feeling really tired and weak for a few days now. I also have a fever and a pain in my stomach. I don't know what's wrong with me.,typhoid
"I have a skin condition that causes dry, flaky patches on my skin. I also have joint pain and the skin on my knees and elbows is peeling off.",psoriasis
"I've been sneezing nonstop and I can't seem to shake this chill. I'm feeling really weak and tired, and my cough won't go away. My fever is really high",common cold
"I have a high temperature, vomiting, chills, and severe itching. In addition, I've been perspiring a lot and have a headache. I've also been bothered by nausea and muscle ache.",malaria
The veins on my legs cause a lot of discomforts when I sit for long periods of time.,varicose veins
I have been experiencing a severe fever that is accompanied by pain behind my eyes and headache. I feel tired and exhasuted because of which I cannot do any work.,dengue
I have been having a headache for the past few days and it is getting worse. I also have a sore neck and my vision is blurry.,migraine
"I've been experiencing intense itchiness, nausea, and exhaustion. I also had a high fever and lost weight. Both my skin and my urine have become yellow. Additionally, my stomach hurts.",jaundice
"I've been struggling with fatigue and a constant cough that's been making it difficult to breathe. My fever is high, and I've been coughing up a lot of thick, mucoid sputum.",bronchial asthma
"I have been experiencing a headache that feels like a sharp pain in my temples, along with chest pain and dizziness.",hypertension
"I've been experiencing balance issues along with feeling dizzy and lightheaded. Additionally, I've seen a drop in my concentration and focus.",hypertension
"I have experienced difficulty sleeping due to the itching and discomfort caused by the rash. There are small dents in my nails, which is really concerning.",psoriasis
I have been having cramps in my calves when I walk or stand for long periods of time. I have also noticed bruise marks on my calves. I feel tired very soon.,varicose veins
"My body itches all over, and I have rashes on my back and chest. My skin can be flaky on sometimes, which commonly results in body marks.",drug reaction
"I've been having this constant itch and there are these red and bumpy spots on my skin. There are also some patches that are a different color than the rest of my skin, and I've had some bumps that are kind of like little lumps.",fungal infection
"I have small dents in my nails. My joints are hurting a lot. I have a silver like dusting on my skin, especially on my back.",psoriasis
"acidity,indigestion,headache,blurred_and_distorted_vision,excessive_hunger,stiff_neck,depression,irritability,visual_disturbances",migraine
I've been feeling really tired and sick. My nose is running and I'm sneezing a lot. My head hurts and I feel like I have no energy. I also have a fever and feel like I'm burning up.,common cold
"Along with losing my appetite, I've been having swallowing issues. I have a sore throat, and my nose has been running.",allergy
"I've been having trouble concentrating and focusing. I've also been having headaches, chest pain, and dizziness. I feel like I'm off balance.",hypertension
"My genitals are red and irritated. It is often itchy, burning, and painful. I also have rashes on other parts of my body and my joints hurt.",psoriasis
"I've been having a lot of trouble going to the bathroom lately. It's really painful when I do, and there's been some blood in my stool. I've also been having some pain and irritation around my anus.",Dimorphic Hemorrhoids
"I have a really high fever, I'm so itchy, I'm shaking and I've been throwing up. I've also got a headache and I've been sweating a lot. I'm also feeling really sick to my stomach and my muscles are aching.",malaria
"acidity,indigestion,headache,blurred_and_distorted_vision,excessive_hunger,stiff_neck,depression,irritability",migraine
"I'm dizzy, nauseated, and shaky. My throat is swollen, so I'm having trouble breathing. Sometimes, throughout the night, my chest hurts and I feel sick.",allergy
"I have a rash on my face, especially around my nose. It's red and painful, and there are some yellow sores that are oozing.",impetigo
"I have indigestion and heartburn. I frequently vomit everything I eat, and I have trouble swallowing food because it gets caught in my throat. My upper abdomen is bothering me.",Gastroesophageal Reflux Disease
"chills,vomiting,fatigue,high_fever,headache,nausea,constipation,abdominal_pain,diarrhoea,toxic_look_(typhos)",typhoid
"My neck has been extremely stiff and my muscles have been extremely weak. As a result of swelling in my joints, I find it difficult to move around without feeling stiff. Additionally, walking has been extremely uneasy.",arthritis
"I have developed diarrhea. It is accompanied by severe pain in my belly area. I don't feel like eating anything, and most of the time, I have a mild headache.",typhoid
"There is bruising on my legs that I cannot explain. I can see strange blood vessels below the skin. Also, I am slightly obese and I am really worried.",varicose veins
"I've been experiencing muscular weakness and stiffness in my neck recently. My joints have swollen, making it hard for me to move around without getting stiff. Walking has also been very painful.",arthritis
"I have a dry cough that won't go away. I also get infections that don't seem to heal, and I have palpitations. My throat hurts sometimes, but it gets better.",diabetes
I've been feeling really itchy and sick to my stomach. I've lost a lot of weight and I'm exhausted. My skin is yellow and I have a fever. My urine is dark and I've been having stomach pain.,jaundice
"Since a few days ago, I've been experiencing low temperatures and bloody urination. My head is in excruciating pain, and my urine smells awful. I can hardly control when I urinate, and the impulses come on suddenly.",urinary tract infection
"I've been having chills and feeling really worn out, and this cough won't go away. My chest hurts when I cough, and my heart is racing. The mucus I'm bringing up is a gross brownish color.",pneumonia
I have an itchy skin and lots of red bumps on my arms and legs. There are some weird looking spots on my skin too. And sometimes there are bumps that feel kind of hard.,fungal infection
I have developed red spots on my body that are itchy and inflamed. I am also experiencing high fever along with chills and shivering. ,dengue
I have developed rashes all over my body that are itchy and I have lost my appetite. I feel very tired all day and I feel like something is wrong with my body.,dengue
"I've been experiencing severe body itchiness, chills, and vomiting. I have a really high fever, and I've been perspiring a lot. I also feel queasy and have a headache. My muscles are in excruciating discomfort.",malaria
"I have been having trouble with my vision, seeing things as distorted and experiencing visual disturbances.",migraine
"chills,fatigue,high_fever,breathlessness,sweating,malaise,phlegm,chest_pain,fast_heart_rate,rusty_sputum",pneumonia
"I have a runny nose and I am sneezing all the time. My eyes are itchy and often watery, and I am coughing all the time. My head hurts all the time. I am also feeling very tired.",allergy
"My muscles have been quite weak, and my neck has been really stiff. My joints have swollen and I've been experiencing a lot of stiffness when I move around. Walking has also been excruciatingly uncomfortable.",arthritis
"chills,vomiting,high_fever,headache,nausea,diarrhoea,muscle_pain",malaria
"I am having some diarrhea and constipation, which has been quite concerning. In my stomach, there is a severe, painful ache. I'm constantly exhausted and don't feel like eating anything.",typhoid
"I have been having a headache for the past week. It started out as a dull ache, but it has gotten worse and is now a sharp pain. It is also accompanied by stomach pains, constipation, and diarrhea. I am really worried about it.",typhoid
"There are rashes around my nose, with large red sores. I noticed that the rash was spreading to other parts of my body. Also, I have a high fever every night.",impetigo
"I get frequent heartburn and indigestion, especially eating spicy foods or fatty foods. I get chest pain that gets worse when I lie down or bend over. I also often have chest pain",Gastroesophageal Reflux Disease
I've had severe stomach pain and constipation for the last few days. I also get a headache and chills every night.,typhoid
I have a feeling of tremors and muscle twitching. I have decreased sense of smell or taste and I feel fatigued. Sometimes I have a feeling of rapid hearbeat or palipatations. I also have a feeling of thirst and I urinate frequently.,diabetes
I have rashes and skin irritations especially in the folds of the skin. There is also very slow healing of any cuts and bruises I have on my skin,diabetes
"I've been having neck pain, and I've been feeling lightheaded. I've also been having trouble standing still.",cervical spondylosis
"I have been experiencing joint pain in my fingers, wrists, and knees. The pain is often achy and throbbing, and it gets worse when I move my joints.",psoriasis
"I have a sore throat and I am sneezing all the time. Sometimes my face swells up, especially my lips and the area around my eyes. I can't stop sneezing once I start.",allergy
"On rare occasions, I pee with blood in it and have mild nausea. Help! I also occasionally experience high nighttime temperatures and a dreadful urine odour.",urinary tract infection
"I get symptoms of asthma, such as wheezing and breathing problems. I frequently have headaches and fever. All the time, I feel exhausted.",allergy
"I have been experiencing headaches, blurred and distorted vision, and excessive hunger. These symptoms have been affecting my daily life and causing me discomfort.",migraine
I have a rash on my chest and back and it itches. I also have dry skin that sometimes flakes and leaves marks on my body.,drug reaction
"I've been feeling really sick. I have a high fever, chills, and a headache. I've also been vomiting and sweating a lot. I'm also really itchy and my muscles hurt.",malaria
"I've been losing weight, feeling really fatigued, and throwing up a lot. My skin has become yellow, and I have a severe fever. I have dark urine, and I've been having stomach pain.",jaundice
"I've been having diarrhea for the past few days. It's been really bad, and it's been accompanied by abdominal cramps and bloating.",typhoid
"muscle_weakness,stiff_neck,movement_stiffness,painful_walking",arthritis
I have mood swings and have trouble concentrating. My mind feels hazy and foggy at times and it gets difficult to do even regular chores. I also have a lot of thirst and I have to pee a lot.,diabetes
"Strong itchiness, chills, nausea, and a high fever are all part of my current condition. Besides having a headache, I've been perspiring a lot. I've been bothered by nausea as well as muscle ache.",malaria
"I've had low temps and blood in my urine for the past three days. My pee smells terrible, and my head hurts so much. Urinary urges seldom occur on cue, and I almost never have any control over when they do.",urinary tract infection
I sometimes have blood in my urine and I feel a little sick. I also sometimes have really bad smelling pee and I get really hot at night.,urinary tract infection
My veins of legs have become more visible and swollen than normal. They are visible through my skin and it hurts when I move.,varicose veins
"skin_rash,fatigue,lethargy,high_fever,headache,loss_of_appetite,mild_fever,swelled_lymph_nodes,malaise,red_spots_over_body",chicken pox
"I've had a headache for the past week. It's been getting worse. I've also had belly aches, constipation, and diarrhea.",typhoid
"back_pain,weakness_in_limbs,dizziness,loss_of_balance",cervical spondylosis
"I have been experiencing a lot of skin peeling and rashes on my arms, legs, and back. I also have joint pain.",psoriasis
"I've been experiencing a lot of headaches, nausea, and sensitivity to light. I've also been feeling very irritable and impatient.",migraine
"I've been having a lot of joint pain, and it's been really hard to walk. I've also lost my appetite, and I feel really weak and nauseous.",dengue
I have been having a lot of pain in my neck and back. I also have a dry cough and I feel weak and dizzy.,cervical spondylosis
I have a skin rash that gets worse in the winter when the air is dry. I have to moisturize more regularly and use humidifiers to keep my skin moisturized. I also have joint pain.,psoriasis
"I've had terrible back pain, a persistent cough, and weakness in my arms and legs. I have issues with dizziness and balance loss, and my neck hurts.",cervical spondylosis
"Recently, the muscles in my neck have become tight and weak. It's difficult for me to run now since my joints are older without getting tight. The act of walking has also been quite unpleasant.",arthritis
I have a high fever and a mild headache. I'm tired most of the time and completely lost my appetite.,chicken pox
"I have a high fever, severe itching, chills, and vomiting. In addition, I've been perspiring a lot and have a headache. I've also been bothered by nausea and muscle ache.",malaria
"My mouth and throat are dry. Additionally, I've been growing increasingly hungry. But on occasion, I do feel rather worn out.",diabetes
"I have been developing sores on my face and nose area. I am not sure what is causing this. The sores on my face are swollen and tender to the touch, and I have a burning sensation and redness of the skin.",impetigo
"skin_rash,chills,joint_pain,vomiting,fatigue,headache,nausea,loss_of_appetite,pain_behind_the_eyes,back_pain,malaise,muscle_pain,red_spots_over_body",dengue
"I have to go to the bathroom a lot, but only a little comes out. My stomach hurts, and I can't control my need to pee.",urinary tract infection
I have a chronic dry cough. I have palpitations and my infections don't seem to be getting better. I also have a sore throat that comes and goes.,diabetes
I've been having a lot of pain in my lower abdomen. It feels like it may explode when I urinate. I've also been feeling weak and my body temperature has been low.,urinary tract infection
"I've been feeling scratchy, sick, and worn out. I also had a high fever and lost weight. My skin and urine have turned yellow. I've also been having stomach pain.",jaundice
"cough,high_fever,breathlessness,family_history,mucoid_sputum",bronchial asthma
Lately I've been experiencing a skin rash with a lot of pus-filled pimples and blackheads. My skin has also been scurring a lot.,acne
"I've had a fever for the past four days, and my urine is bloody. My head hurts a lot, and my urine smells terrible. I don't feel like I can control when I need to pee.",urinary tract infection
"I've been having a lot of trouble breathing lately, and I've been coughing up a lot of phlegm. I've also been feeling really tired and weak, and I've been having chills and a fever. My chest hurts, and my heart is racing.",pneumonia
"I've gained a lot of weight and am now quite fat. My appetite varies, and I have cravings for various things.",drug reaction
There is a constant behind my eyes. I have developed red spots on my neck and face and rashes on my arms. My arms and legs pain a lot. . The spots are itchy and uncomfortable and it is worrying me.,dengue
"Recently, when I try to walk about, I have stiffness, a stiff neck, swollen joints, and muscular weakness. Walking has also been really uncomfortable.",arthritis
"The skin around my mouth, nose, and eyes is red and inflamed. It is often itchy and uncomfortable. There is a noticeable inflammation in my nails.",psoriasis
"fatigue,weight_loss,restlessness,lethargy,irregular_sugar_level,obesity,excessive_hunger,increased_appetite,polyuria",diabetes
"I'm feeling really sick and uncomfortable like something is wrong inside. I don't know what it could be. I noticed small red spots on my arms, which itches if I touch them.",chicken pox
"My mouth is filled with a sour, acidic flavour. My burping and belching are frequent. For a few hours, I get pressure or fullness in my upper belly.",Peptic Ulcer Disease
"My symptoms include a headache, chest pain, dizziness, lack of balance, and trouble concentrating.",hypertension
"I have thick, scaly skin on my palms and soles. The skin is also cracked and painful.",psoriasis
"I have been experiencing acidity, indigestion, headaches, and blurred and distorted vision, as well as excessive hunger, a stiff neck, depression, irritability, and visual disturbance. These symptoms have been affecting my daily life and causing me discomfort.",migraine
"My muscles have been feeling really weak, and my neck has been extremely tight. I have swollen joints and find it difficult to move about without becoming stiff. It has also been really uncomfortable to walk.",arthritis
My legs are really bothering me. I get cramps when I exercise and the blood vessels are really noticeable.,varicose veins
"My eyes are always red and swollen, and I feel like there's something blocking my sinuses. I've been coughing up a lot of goo and my chest feels really heavy. I can't smell anything and my muscles are really sore",common cold
I'm having trouble breathing and feeling really sick. I'm sweating a lot and feel terrible. My chest hurts and I have a lot of mucus in my throat. My heart is racing and the color of the mucus I'm coughing up is strange.,pneumonia
"I occasionally have burning in my upper abdomen throughout the day or at night. I get heartburn, indigestion, and regular episodes of severe nausea.",Peptic Ulcer Disease
"I've been coughing a lot and I'm freezing. My nose is stuffed up and my face hurts. I've also been coughing up some nasty stuff, my chest hurts, and my muscles hurt. I can't smell anything.",common cold
"I felt good when I woke up this morning, but as the day wore on, I began to feel headachey, sick to my stomach, and dizzy. Since then, it has been challenging for me to concentrate and focus on my work.",hypertension
"constipation,pain_during_bowel_movements,pain_in_anal_region,bloody_stool",Dimorphic Hemorrhoids
"I've been having headaches and chest pains for a few days, but today the dizziness and lack of balance got a lot worse.",hypertension
I have trouble focusing and remembering things. I feel like I have brain fog.,drug reaction
"I've been experiencing dizziness and anxiousness, as well as a loss in my attention and concentration and ability to concentrate.",hypertension
I've been feeling really run down and weak. My throat is sore and I've been coughing a lot. I've also been having chills and a fever.,common cold
I've been shivering and shivering and I feel cold. My fever is really high. I have rashes on my arms and red patches on my neck.,dengue
I feel weak and my lymph nodes are swollen. My eyes burn and my throat hurts. My sinuses are congested and my nose is stuffy. I can't smell anything and my chest hurts.,common cold
I have difficulty concentrating and I forget things a lot. I have low mental clarity and I have trouble remembering things.,drug reaction
I've been having really bad nausea and my chest hurts. I've been really nervous and I shiver a lot.,drug reaction
"I have a rash on my skin that is itchy and uncomfortable. I have also noticed small dents in my nails, which is concerning.",psoriasis
"I've been having stiffness and weakness in my neck muscles lately. My joints have gotten stiff, so it's hard for me to run without getting stiff. Walking has also been uncomfortable.",arthritis
"I had a headache and chest pain this morning, and as the day wore on, I also started to feel unsteady and unstable on my feet.",hypertension
I have been having a really bad headache that is behind my eyes. I also have no appetite and feel really cold at night.,dengue
"My emotions fluctuate, and it's hard for me to concentrate. My mind can be foggy and foggy at times, making it difficult for me to perform even simple chores.",diabetes
"chills,cough,high_fever,breathlessness,sweating,malaise,phlegm,chest_pain,fast_heart_rate,rusty_sputum",pneumonia
"When I first experienced a headache, chest pain, and lightheadedness, I was at work. Since then, it has been challenging for me to focus and concentrate on my work.",hypertension
"I have been feeling extremely tired and fatigued, and I have no energy to do anything. The fatigue is so severe that I struggle to get out of bed. I have noticed small red spots on my arms and legs. ",dengue
I have been having a lot of problems with my skin. It is constantly peeling and I have developed rashes on my arms. It is really itchy and it is making my life miserable.,psoriasis
"With a high temperature, shortness of breath, sweating, chills, and intense exhaustion, I've been feeling quite poorly. I've been coughing up a lot of brownish phlegm and my pulse rate is racing.",pneumonia
I always get a tickle in my throat and feel fatigued. My skin has begun to feel dry as well. I have ocular edema on occasion.,allergy
"I suddenly felt a headache, chest pain, and dizziness in the middle of a conference. I've been having trouble concentrating and focusing on the topic since then.",hypertension
There are small red spots all over my body. The spots are itchy and uncomfortable. I also have a mild fever and headache.,chicken pox
"Especially after eating, my throat frequently feels scorching. I occasionally get a bitter or sour aftertaste that makes me feel sick.",Gastroesophageal Reflux Disease
I have been having pain in my joints and I have noticed that my skin is peeling in different places. I am worried that something is wrong with me.,psoriasis
"My whole body is paining a lot and I don’t feel like eating anything. I have mild fever and get chills every night. Also, there are some red spots developing on my back and neck.",dengue
I'm having trouble breathing and I feel really uncomfortable. I'm sweating a lot and my throat is really sore. My chest hurts and my heart is beating fast. I'm coughing up a lot of mucus and it's brown.,pneumonia
"My muscles are weak, and my neck is stiff. My joints are swollen, and it's hard to move around. Walking is uncomfortable.",arthritis
I have a rash that is itchy and red. It is also bumpy and has some patches that are a different color than the rest of my skin. I have also had some pimples that resemble little balls.,fungal infection
"I have been having back pain, a productive cough, and weakness in my limbs. My neck is sore and I have been dizzy and off balance.",cervical spondylosis
"I've been having a lot of itching on my skin, and sometimes it turns into a rash. There are also some weird patches of skin that are a different color than the rest of me, and sometimes I get little pimples that look like nodules.",fungal infection
I have been having headaches and migraines. I have been having difficulty sleeping. I have been having muscle twitching and tremors. Sometimes I get lightheaded. I think it might be a reaction to my medication.,drug reaction
"I've been having diarrhoea and loose, watery stools many times a day. I've lost my appetite and am always sick. I'm also developing a mild fever. Also, my abdominal part pains a lot. I don't know what the reason behind all of these is.",typhoid
I have a rash on my face. I have little sores around my nose that are oozing yellow stuff. The sores are really painful.,impetigo
I have no appetite and I feel like vomiting. I am also very tired. I have rashes on my skin that are really concerning me.,chicken pox
I have a bunch of little red bumps all over my body. They're itchy and uncomfortable. I also have a fever and a headache.,chicken pox
"I've been really itchy lately and there are these rashy spots all over my skin. There are also some areas that don't look like the normal color of my skin, and I've had some bumps that are kind of hard",fungal infection
"Bullous impetigo            Bullous impetigo   Bullous impetigo Bullous impetigo causes fluid-filled blisters — often on the trunk, arms and legs of infants and children younger than 2 years.               Bullous impetigo                Bullous impetigo         Bullous impetigo   Bullous impetigo Bullous impetigo causes fluid-filled blisters — often on the trunk, arms and legs of infants and children younger than 2 years.       Bullous impetigo   Bullous impetigo Bullous impetigo causes fluid-filled blisters — often on the trunk, arms and legs of infants and children younger than 2 years.     Bullous impetigo   Bullous impetigo Bullous impetigo causes fluid-filled blisters — often on the trunk, arms and legs of infants and children younger than 2 years.  Close  Close Bullous impetigo   Bullous impetigo Bullous impetigo causes fluid-filled blisters — often on the trunk, arms and legs of infants and children younger than 2 years.  Bullous impetigo Bullous impetigo causes fluid-filled blisters — often on the trunk, arms and legs of infants and children younger than 2 years. Bullous impetigo causes fluid-filled blisters — often on the trunk, arms and legs of infants and children younger than 2 years.            Ecthyma            Ecthyma   Ecthyma A more serious form of impetigo, called ecthyma, penetrates deeper into the skin — causing painful fluid- or pus-filled sores that turn into deep ulcers.               Ecthyma                Ecthyma         Ecthyma   Ecthyma A more serious form of impetigo, called ecthyma, penetrates deeper into the skin — causing painful fluid- or pus-filled sores that turn into deep ulcers.       Ecthyma   Ecthyma A more serious form of impetigo, called ecthyma, penetrates deeper into the skin — causing painful fluid- or pus-filled sores that turn into deep ulcers.     Ecthyma   Ecthyma A more serious form of impetigo, called ecthyma, penetrates deeper into the skin — causing painful fluid- or pus-filled sores that turn into deep ulcers.  Close  Close Ecthyma   Ecthyma A more serious form of impetigo, called ecthyma, penetrates deeper into the skin — causing painful fluid- or pus-filled sores that turn into deep ulcers.  Ecthyma A more serious form of impetigo, called ecthyma, penetrates deeper into the skin — causing painful fluid- or pus-filled sores that turn into deep ulcers. A more serious form of impetigo, called ecthyma, penetrates deeper into the skin — causing painful fluid- or pus-filled sores that turn into deep ulcers. The main symptom of impetigo is reddish sores, often around the nose and mouth. The sores quickly rupture, ooze for a few days and then form a honey-colored crust. Sores can spread to other areas of the body through touch, clothing and towels. Itching and soreness are generally mild. A less common form of the condition called bullous impetigo causes larger blisters on the trunk of infants and young children. Ecthyma is a serious form of impetigo that causes painful fluid- or pus-filled sores.",impetigo
"I have trouble breathing and easily get out of breath. My face and torso are swollen, my eyes hurt, and I have a dry, hacking cough.",allergy
"My bloody stools have caused me to lose iron and bloos, among other things. I now have anaemia from this, and I generally feel quite weak.",Peptic Ulcer Disease
I'm having trouble breathing and I feel really uncomfortable. I'm sweating a lot and my throat is full of phlegm. My chest hurts and my heart is racing. The mucus I'm coughing up is brown.,pneumonia
"itching,vomiting,fatigue,high_fever,yellowish_skin,dark_urine,abdominal_pain",jaundice
"I have been having a headache, chest pain, dizziness, and trouble with my balance. It has also been hard for me to focus and concentrate.",hypertension
"I've been feeling really tired and sick. I've been sneezing a lot and I can't seem to get warm. I'm so tired and my head is killing me. And my fever is really high, like I'm boiling.",common cold
"I've been experiencing balance issues, a headache, chest pain, and dizziness. My ability to concentrate and focus has also been challenging.",hypertension
"I've been quite exhausted and ill. My throat has been quite painful, and I've had a fairly nasty cough. I've got a lot of chills and a pretty high temperature. Simply put, I feel really run down and feeble.",common cold
"I have heartburn and indigestion. I regularly vomit everything I eat, and food gets stuck in my throat, making it difficult for me to swallow. I have a pain in my upper abdomen.",Gastroesophageal Reflux Disease
The body pain I have been feeling is extreme. I has lost my appetite and developed rashes on my arms and face. The back of my eyes pain a lot.,dengue
I have little red spots all over my body. I don't know what they are and they are worrying me. I have also lost my appetite and every night I am exhausted and have a severe headache.,chicken pox
"I have had some constipation and belly pain, which has been really uncomfortable. The pain has been getting worse and it's really affecting my daily life.",typhoid
"I've been coughing a lot, and it's hard to breathe. I'm also really tired and exhausted. I've been coughing up a lot of thick, mucusy stuff. I have a fever, too.",bronchial asthma
"I've been experiencing a lot of itching, chills, vomiting, and a fever. I also have a headache and am sweating a lot. Additionally hurting me have been nausea and muscle aches.",malaria
"I'm feeling fatigued and have no energy. I can barely keep my eyes open during the day, and I've been feeling lethargic and unable to motivate myself.",chicken pox
"I've been having a headache, chest pain, dizziness, and trouble concentrating.",hypertension
"constipation,pain_during_bowel_movements,bloody_stool,irritation_in_anus",Dimorphic Hemorrhoids
"My sinuses feel stuffy, and my eyes have been quite red. I simply lack energy, and my throat has been really scratchy. Along with the swelling in my lymph nodes, I've also been coughing up a lot of phlegm.",common cold
"My muscles have been feeling really weak, and my neck has been extremely tight. My joints have swollen, making it difficult for me to move. It has hurt a lot to walk.",arthritis
"I've had a fever for a few days, and it's starting to worry me. I also have a headache, and I feel weak and lethargic.",chicken pox
I have been experiencing changes in my menstrual cycle and unexpected vaginal discharge. I also have been feeling agitated and moody.,drug reaction
"I've been having trouble breathing, coughing a lot, and feeling exhausted. I have a fever and have been coughing up a lot of thick, sticky mucus. I'm just so tired and worn out from dealing with this.",bronchial asthma
I often feel the want to urinate and experience these intense desires. I often feel dizzy and confused. I also lost my sight.,diabetes
"I have been experiencing digestive issues, including acidity and indigestion, as well as regular headaches and distorted vision, excessive hunger, a stiff neck, depression, irritability, and visual disturbance.",migraine
"I've been having neck pain, instability, and balance concerns.",cervical spondylosis
"I feel queasy, sick, and wobbly. My throat is enlarged and making it difficult for me to breathe. My chest occasionally pains all through the night, and I occasionally feel ill.",allergy
"I have a terrible backache, and I've been coughing a lot. My arms and legs are weak, and I have trouble balancing. My neck hurts too.",cervical spondylosis
I have been experiencing muscle pain that makes it difficult for me to move around. I have lost my apetite and feel vomiting. My legs and back pain a lot. I have been feeling very weak and tired.,dengue
"I no longer want to have sex, and it's difficult for me to do so. I regularly have brain fog and a sense of confusion.",drug reaction
"I've been feeling really weak and cold lately, and this cough won't go away. It hurts in my chest when I cough, and my heart is pounding. I've been coughing up mucus that's a rusty brown color.",pneumonia
"My emotions change, and I have difficulties focusing. At times, my mind might be cloudy and hazy, making it challenging for me to do even simple tasks.",diabetes
"I have rashes in my chest and back and itch all over my body. I occasionally have flaky skin, which frequently creates markings on my body.",drug reaction
"I have been enduring frequent headaches, blurred vision, excessive appetite, a sore neck, anxiety, irritability, and digestive difficulties including indigestion and acid reflux.",migraine
I have a sharp pain in my stomach. I have also been vomiting a lot and feel very nauseous.,typhoid
I have difficulty swallowing food and often get a sensation of the food getting stuck in my throat. I have constant belching and bloating. There is a persitent sour taste in my mouth,Peptic Ulcer Disease
"Especially after eating, my throat regularly feels like it is burning. I also occasionally get a bitter or sour aftertaste, which makes me feel sick.",Gastroesophageal Reflux Disease
I have a rash on my nose that started out small but has gotten bigger and is now red and oozing. It hurts and I think it might be an infection.,impetigo
"I have a burning sensation when I pee. Sometimes it's really painful and my urine smells bad. I have to pee more often, especially at night.",urinary tract infection
"I've been experiencing severe itching, chills, vomiting, and a high fever. I'm also sweating excessively and have a headache. Nausea and muscle pain have also been causing me discomfort.",malaria
My tongue also has a metallic aftertaste in addition to a change in taste and scent. occasionally get acute muscle and joint ache,drug reaction
"My nails are starting to have small pits on them. I am worried and don't know what is causing it. Also, my joints pain and there are rashes on my arms and back.",psoriasis
"I regularly wake up with a scratchy voice or a sore throat. My throat is constantly irritated, and I have horrible breath. I frequently throw up.",Gastroesophageal Reflux Disease
"My pee frequently has an odd smell and is either red or black, or both. The frequent changes in my body temperature usually keep me awake at night.",urinary tract infection
I have a rash that is itchy and sometimes red and rough. I also have little pimples that look like tiny balls and some spots that are a different color than the rest of my skin. It really irritates me and itches.,fungal infection
"I've been finding it incredibly difficult recently to use the restroom. I can only go sporadically because it hurts so much. My anus and the surrounding region are also quite painful. My anus feels really aggravated, and my stool has been extremely bloody.",Dimorphic Hemorrhoids
I've gained a lot of weight and am currently quite fat. I have many inclinations and cravings. I've been taking a new medication for my diabetes.,drug reaction
"My throat often feels like it is burning, especially after eating. A bitter or sour aftertaste that I occasionally experience also makes me feel unwell.",Gastroesophageal Reflux Disease
I have a feeling of tremors and muscle twitching. I have decreased sense of smell or taste and I feel fatigued. Sometimes I have a feeling of rapid hearbeat or palipatations,diabetes
I have sores around my nose that are crusted over and hard to touch. They used to ooze a yellow-rust colored liquid. It is taking a long time to heal.,impetigo
"I've been having blood in my urine. I also feel sick after I pee, and I've been running a fever.",urinary tract infection
"I have been experiencing acidity and indigestion after meals, as well as frequent headaches and blurred vision.",migraine
"My desire for sex has dropped, and I'm having trouble having sex. I frequently get brain fog, as well as feeling somewhat bewildered.",drug reaction
"I have been feeling really cold, even though it's warm outside. My back hurts and I have red spots on my arms.",dengue
I have a severe headache that feels like pressure in my head. I also have a mild fever and small red spots on my back.,dengue
"My skin rash has extended to other areas of my body, including my chest and belly. It is irritating and unpleasant, and it is frequently worst at night. I'm also experiencing skin flaking.",psoriasis
I'm having trouble breathing and I feel like I'm drowning. I'm coughing up a lot of phlegm and my chest hurts. I'm also sweating a lot and my heart is racing.,pneumonia
"I've lost a lot of weight in the last week because I couldn't eat much due to nausea and vomiting. This is followed by a high fever, headache, and stomach pain.",typhoid
"I've been having a lot of pain in my neck and back, and my arms and legs are numb. I've also been having problems with my balance and vertigo.",cervical spondylosis
I have a plugged nose and nasal congestion. I occasionally have stiffness and chest discomfort during the night. I've also lost my ability to smell and taste.,allergy
"I have been having headaches, chest pains, and dizziness. I also feel like I'm losing my balance and I can't focus.",hypertension
"I've been having a lot of trouble with my neck. It's been hurting, and I've been having problems with vertigo and balance loss. I've also been having a persistent cough, weakness in my arms and legs, and severe back pain.",cervical spondylosis
"For days, I've had a nasty cough and cold. My sinuses are clogged, and I have facial pressure. I've also been creating phlegm, and coughing pains my chest. I can't smell anything, and my muscles are aching.",common cold
"I have these bulging veins on my legs that are very noticeable and are causing me a lot of discomforts. They are swollen and protrude from my skin, making them visible through my clothing.",varicose veins
"back_pain,neck_pain,dizziness,loss_of_balance",cervical spondylosis
"My bowel motions have been really difficult for me recently. Going is difficult, and it aches when I do. When I go, my anus bleeds and is really uncomfortable. I'm in a lot of discomfort and it hurts extremely bad.",Dimorphic Hemorrhoids
I have been having a fever for a few days and now I have sores near my nose. The sores are painful and I feel uncomfortable.,impetigo
"The skin on my calves is itchy and inflamed, causing a lot of discomfort and difficulty sleeping at night. The blood vessels have started to protrude out, which is concerning.",varicose veins
I've been feeling really weak in my muscles lately and my neck has been really stiff. My joints have been swollen and it's hard for me to move around. It's also been painful to walk.,arthritis
The chills and shivering I have been experiencing are accompanied by a feeling of coldness and high fever. I have also developed rashes on my arms and red spots on my neck.,dengue
"I've been feeling really sick lately. I've got a runny nose, a fever, and I've been coughing a lot. I'm also really tired and I don't feel like eating much.",common cold
"I've been feeling really ill lately. I've had this persistent cough and difficulty breathing, and my fever has been off the charts. I'm also feeling extremely exhausted, and I've been producing a lot of mucus when I cough. It's just been so overwhelming to deal with all of these symptoms",bronchial asthma
"My eyes are usually red and inflamed, and I have the impression that something is clogging my sinuses. I've been coughing up a lot of gunk, and my chest hurts. I can't smell anything, and my muscles are aching.",common cold
"My back hurts all the time, and my arms and neck have rashes. The back of eyes pain a lot. I also have fever and it is making we worried about my health.",dengue
"My muscles lack strength, and I have been experiencing back pain and a dry cough. I've been experiencing neck pain and feeling lightheaded and unstable on my feet.",cervical spondylosis
I have been having bloody stools which has resulted in bloos loss and loss of iron. Thiis has caused me anemia and I feel very weak in general,Peptic Ulcer Disease
"I've been feeling really itchy all over, and I've been throwing up. I'm also really tired, and I've lost a lot of weight. My skin and my pee are both yellow, and my stomach hurts.",jaundice
"I've been having a lot of problems using the restroom recently. It's been excruciatingly uncomfortable, and I've been feeling agony in my anus. My stool has been bloody as well, and my anus has been really inflamed.",Dimorphic Hemorrhoids
"Extreme itchiness, sickness, and exhaustion have all been plaguing me. In addition, I developed a fever and lost weight. My pee is black, and I've developed a yellow rash. Additionally, I've had stomach ache.",jaundice
I have a rash all over my body that is really itchy. I also have some bumps that are firm and some patches that are a different color than the rest of my skin.,fungal infection
I have been experiencing back pain for a few days now. It is worse when I sit or stand for a long time. I also have rashes all over my body and a pain behind my eyes.,dengue
I've noticed that my skin is more sensitive now than it used to be. It's red and itchy. I have silvery scales on my back and elbows.,psoriasis
My cheeks and nose are covered with red sores. I've observed that the rash on my neck and chest is spreading faster. I am also developing a mild fever.,impetigo
I'm constantly sneezing and my body is shaking from being cold. I'm so tired I can barely move and my head is killing me. My fever is through the roof,common cold
"I have trouble breathing and I get out of breath easily. My eyes hurt and I have a dry, hacking cough. My face and body are swollen.",allergy
"In addition to having excruciating back pain, I've also been coughing up mucus and feeling weak all over. I've been feeling lightheaded and unstable on my feet, and my neck hurts as well.",cervical spondylosis
"I've had trouble sleeping because of the itching and pain produced by the rash. My nails have little dents, which is really alarming. There is a noticeable inflammation in my nails.",psoriasis
"I have been feeling fine all day, but suddenly developed a headache, chest pain, and dizziness while out for a run. It's been hard for me to maintain my balance since then. I'm not sure what's going on, but I'm worried.",hypertension
"Lately I've been really constipated, and it's been really painful when I do go to the bathroom. I've also noticed some blood in my stool, and my anus has been really irritated.",Dimorphic Hemorrhoids
I've been sneezing a lot and I'm really tired. My throat hurts and I have a lot of mucus in my nose and throat. My neck is also swollen and puffy.,common cold
I have a skin rash that is red and swollen. I also have a severe fever and body pain.,dengue
"I've been experiencing stiffness and weakness in my neck muscles recently. Since my joints have grown, it's hard for me to walk without getting stiff. Additionally, walking has been extremely uncomfortable.",arthritis
"Along with increased hunger, a sore neck, melancholy, impatience, and visual distortion, I've also been experiencing acid reflux, indigestion, frequent headaches, and blurred eyesight.",migraine
"I have a stiff neck and eye issues, and I've been hungry all the time.",migraine
"Hey mom and dad, I've been feeling really tired lately and I have a cough that won't go away. My fever is really high and my breathing has become shallow. I've also been coughing up a lot of mucous, thick sputum.",bronchial asthma
"The veins on my legs are very noticeable and are causing me a lot of discomforts. They are swollen and protrude from my skin, making them visible through my clothing.",varicose veins
"fatigue,cramps,bruising,obesity,swollen_legs,prominent_veins_on_calf",varicose veins
"I've been having chest pains, headaches, and I've been feeling dizzy.",hypertension
"I have been experiencing a lot of belly pain and constipation. I also feel like I need to vomit, and I am feeling very weak.",typhoid
"I have a high fever, chills, and severe itching. I also have a headache, excessive sweating, nausea, and muscle aches.",malaria
"My skin is peeling, particularly on my knees, elbows, and scalp. This peeling is frequently accompanied by a stinging or burning feeling.",psoriasis
I've been feeling hot and feverish for a few days now. I also have a rash all over my body that itches like crazy.,chicken pox
I have been having a lot of pain in my back and neck. I also have a cough that produces phlegm and I feel weak and dizzy.,cervical spondylosis
"I have a rash all over my body, and I can't stop scratching because my skin is itchy. My skin also has a few spots where the hue is altered and some lumps and knot-like pimples.",fungal infection
"I've been struggling with back pain, a chronic cough, and limb weakness. I've been feeling disoriented and weak on my feet, and my neck hurts.",cervical spondylosis
"fatigue,cough,breathlessness,family_history,mucoid_sputum",bronchial asthma
"I have a rash on my face that is red, itchy, and painful. It is also blistering. I have also been experiencing flu-like symptoms, such as fever and body pain.",impetigo
I have been having some constipation and belly pain for a few days now. The pain has been getting worse and it's really affecting my daily life. I'm also feeling really tired and weak.,typhoid
"I have been having headaches for a while now. They are usually on the left side of my head and are very painful. I also get nausea, vomiting, and sensitivity to light and sound. I have tried taking over-the-counter pain relievers, but they don't seem to help much.",migraine
"I'm always tired, my taste is off, and my throat is really scratchy. I also have muscle pain and heat. My whole body cramps up sometimes.",allergy
I woke up this morning and found that I have a really nasty rash all over my skin. There are a ton of blackheads and pimples that are filled with pus. My skin has also been really scurrying.,acne
"I've been having headaches, chest pain, and lightheadedness. It's been hard to concentrate at work.",hypertension
I have small lymph nodes on my arms and face. The itching is making my day very uncomfortable.,chicken pox
I have asthma like symptoms like wheezing and difficulty breathing. I often get fever and have headaches. I feel tired all the time. I have a runny nose and itchy eyes.,allergy
"I have been feeling lightheaded and dizzy, and I have also noticed that I have been getting headaches more frequently.",hypertension
"chills,vomiting,fatigue,high_fever,nausea,constipation,abdominal_pain,diarrhoea,toxic_look_(typhos),belly_pain",typhoid
"I have a high fever and chills every night. I don't feel like eating anything and my back, arms, legs pain a lot. There is a strange pain behind my eyes. I can't do any physical activities.",dengue
"I have pain in my lower abdomen, and get a buring sensation in my pee. I also have been getting low temperatures since I started to get these other symptoms. I have been weak because of this",urinary tract infection
"continuous_sneezing,shivering,chills",allergy
"I've had a pretty uncomfortable itch all over my body, as well as red and bumpy areas on my skin. There are also certain patches of my skin that are a different hue than the rest of it, and I've had some pimples that resemble little balls.",fungal infection
I've been having a lot of pain in my joints and my neck has been really tight. It's hard for me to move around without getting stiff and it's really painful to walk.,arthritis
"skin_rash,chills,vomiting,fatigue,high_fever,headache,nausea,loss_of_appetite,pain_behind_the_eyes,back_pain,malaise,muscle_pain,red_spots_over_body",dengue
"I've been quite itchy recently, and I have rashy patches all over my skin. There are also certain regions that are darker in colour than the rest of my skin, and I've got some firm lumps.",fungal infection
"I've been feeling really run down lately, and I just can't seem to shake this cold. My nose is always running, and I'm coughing up all this gunk. My throat is sore, and I've got a headache. I'm also feeling really tired and achy.",common cold
"I have a runny nose and I am sneezing all the time. My eyes are itchy and often watery, and I am coughing all the time. My head hurts and all the time",allergy
"I have been feeling fine all day, but suddenly developed a headache, chest pain, and dizziness while out for a run. It's been hard for me to maintain my balance since then",hypertension
I am facing severe joint pain and vomitting. I have developed a skin rash that covers my entire body and is accompanied by intense itching. ,dengue
"My muscles are quite weak, and my neck has been very stiff. My joints have swollen, creating it troublesome on behalf of me to steer concerning while not feeling stiff. Walking has conjointly been very uncomfortable.",arthritis
"I sneeze a lot and have a sore throat. My lips and the skin surrounding my eyes will occasionally swell. Once I start, I just can't stop sneezing.",allergy
"I've been having a headache all day, and it's been getting worse. I also have chest pain and dizziness. I'm having trouble concentrating on my work.",hypertension
"I have been experiencing a skin rash on my arms, legs, and torso for the past few weeks. It is red, itchy, and covered in dry, scaly patches.",psoriasis
"The swelling in my legs has gotten worse over the past few weeks. Now, a large number of veins are noticeable on my calves, which is making me worried.",varicose veins
"A rash that appears to be developing throughout my skin has been accompanying my recent bouts of intense itching and discomfort. On my skin, I also have some dischromic spots and little lumps that seem to be appearing everywhere.",fungal infection
"While taking a walk, I suddenly started experiencing headache, chest pain, and dizziness after feeling fine all day. Since then, it has been challenging for me to concentrate and focus.",hypertension
"I'm shaking and trembling all over. I've lost my sense of taste and smell, and I'm exhausted. I occasionally get palpitations or a racing heart.",diabetes
I have a really bad cold. I can't stop coughing and my sinuses are all blocked. I have a lot of mucus and my chest hurts. I can't smell anything and my muscles are really sore.,common cold
"I'm having a hard time breathing. I'm not feeling well, and I'm sweating a lot. I have a lot of mucous in my throat and my chest hurts. My breathing is labored, and the phlegm I'm coughing up is a weird color.",pneumonia
"I have been struggling with acid reflux, indigestion, and headaches, as well as blurred and distorted vision, excessive hunger, a sore neck, depression, irritability, and visual disturbance.",migraine
"I've been feeling really cold and tired lately, and I've been coughing a lot with chest pain. My heart is beating really fast too, and when I cough, the phlegm is kind of a rusty color.",pneumonia
I have a metallic taste in my mouth and my tongue feels weird. I also have joint and muscle pain.,drug reaction
"I have been having severe joint pain for a few days. I have also been vomiting and have a fever. I have been taking medication for the fever, but it doesn't seem to be helping.",dengue
I have difficulty in maintianing concentration and very low mental clarity. I often forget things and in general have difficulty remembering things,drug reaction
"I have been feeling nauseous and have a constant urge to vomit. I get high fever and chills every night and feel terrible because of this. Also, I feel I have lost my appetite.",dengue
"I have to constantly to go the bathroom to relieve myself, but cant seem to empty my bladder. I get these very strong and uncontrollable urges to pee and sometimes get dark or bloody pee",urinary tract infection
"I have a rash on my face, neck, and arms. It's red and burning. I'm worried about it.",impetigo
I've gained a lot of weight and am currently quite fat. I have many inclinations and cravings.,drug reaction
"I have been feeling very tired and weak. I have also been vomiting and have developed rashes on my arms, neck, and legs.",dengue
"I've been having trouble breathing lately. I've been coughing a lot, and my chest feels tight. I've also been feeling very tired and weak.",bronchial asthma
"The most common signs and symptoms of arthritis involve the joints. Depending on the type of arthritis, signs and symptoms may include:  Pain Stiffness Swelling Redness Decreased range of motion",arthritis
"I have rashes and skin irritations, especially in the crevices of my skin. My skin bruises and cuts also take a long time to heal.",diabetes
"Along with severe body itchiness, chills, and nausea, I've been experiencing. I've been severely perspiring and have a very high fever. I'm feeling queasy and also have a headache. Really hurting muscles are me.",malaria
"I frequently vomit and get pain in my pelvic area. My urine sometimes smells really bad, and sometimes there is blood in it. I have trouble falling asleep because of my headaches sometimes.",urinary tract infection
"stomach_pain,acidity,ulcers_on_tongue,vomiting,cough,chest_pain",Gastroesophageal Reflux Disease
"I've been having joint pain in my fingers, wrists, and knees for a few weeks now. The pain is usually aching and throbbing, and it gets worse when I move my joints. I've also noticed some red, scaly patches on my skin.",psoriasis
I've been experiencing balance issues in addition to feeling disoriented and dizzy. My headache has also been present nonstop.,hypertension
"continuous_sneezing,chills,fatigue,cough,high_fever,headache,malaise,phlegm,throat_irritation,redness_of_eyes,sinus_pressure,runny_nose,congestion,chest_pain,loss_of_smell,muscle_pain",common cold
"My monthly cycle has changed, and I've had an unexpected vaginal discharge. I occasionally lose my temper, and my moods change a lot.",drug reaction
"My joints are experiencing an unusual discomfort. Additionally, I've experienced weird skin peeling in various places on my body. I'm concerned that something is wrong with my body. ",psoriasis
"I have a chronic dry cough. I have palpitations and my infections don't appear to be getting better. I also have a painful throat issue, although it does seem to go away.",diabetes
"I have to go to the bathroom a lot, but when I get there, I can't seem to empty my bladder. Sometimes, I get a really strong urge to go, and my urine is dark or red.",urinary tract infection
"A few days ago, I experienced a tiny rash around my nose. The rash is now accompanied by a burning feeling and skin redness and discharge of fluid. I believe it is some sort of infection.",impetigo
"I have indigestion and heartburn. I frequently vomit everything I eat, and it is hard for me to swallow since food gets caught in my throat. My upper abdomen is in discomfort.",Gastroesophageal Reflux Disease
"I've seen a sudden peeling of skin on various regions of my body, mostly my arms, legs, and back. In addition, I have significant joint pain and skin rashes. The rash is spreading to different parts of my body.",psoriasis
I've been having trouble seeing things clearly and they look distorted.,migraine
I have a rash on my skin that is itchy and has a different color than the rest of my skin. I also have some firm pimples or breakouts on my skin.,fungal infection
I have been having a headache that is throbbing and is on one side of my head. It is also making me feel nauseous and lightheaded.,migraine
I've been dealing with a really nasty rash on my skin lately. It's covered in blackheads and pimples that are packed with pus. My skin has also been really scurrying.,acne
"indigestion,loss_of_appetite,abdominal_pain,passage_of_gases,internal_itching",Peptic Ulcer Disease
I have swelling in my legs that makes it hard to fit into my shoes. I can't sprint or stand for long periods of time. I can see some swollen blood vessels.,varicose veins
"Only when I hunch down or lie down does my stomach hurt more. I have pain after eating certain foods, such as hot or acidic food. I occasionally get loose stools as a result of this.",Peptic Ulcer Disease
"I've noticed a sudden peeling of skin on my arms, legs, and back. I also have joint pain and skin rashes. The rash is spreading to different parts of my body.",psoriasis
"I've been feeling really itchy all over, and I've been throwing up. I've also lost a lot of weight, and I'm always tired. My skin and my pee are both yellow, and my stomach hurts.",jaundice
"The vomiting I've been having has been followed by stomach pains and dizziness. I've lost my appetite and as a result feel weak. My arms, back, neck pain most of the time.",dengue
I have been experiencing a loss of appetite and have difficulty swallowing food. I have been suffering from sore throat and runnny nose also.,allergy
"I've been coughing up phlegm and my back hurts. I also feel weak and disoriented, and my neck hurts.",cervical spondylosis
"I have stomach cramps, nausea and diarrhea. My throat is swollen, and I have difficulty breathing. Sometimes at night I get chest pain and nauseous.",allergy
"Strong itchiness, chills, nausea, and a high fever are all part of my current condition. Besides having a headache, I've been perspiring a lot. I've been uncomfortable from nausea and muscle ache, too.",malaria
"My skin has developed rashes, mainly near the nose. The rash is spreading to other parts of my body. I am really about worried about this.",impetigo
"There is a rash particularly bad around my nose, with large red sores that are painful and have yellow rust-colored ooze coming from them.",impetigo
"I've been having chills and feeling exhausted, and I can't seem to shake this cough. My chest hurts when I cough, and my heart feels like it's going a million miles an hour. The phlegm I'm coughing up is a dirty rust color.",pneumonia
The high fever and swollen lymph nodes are causing me much discomfort. I have a headache and feel weak and fatigued. It's hard for me to concentrate because of the fever.,chicken pox
"Sometimes my skin starts to flake off from my rashes. I'm more prone to becoming sick as a result. On occasion, my hands begin to quiver and I begin to tremble.",drug reaction
"chills,vomiting,high_fever,sweating,nausea,diarrhoea,muscle_pain",malaria
"I've been rather itchy recently, and I have rashy blotches all over my skin. There are also certain regions that are more dark in color than the rest of my skin, and I've got some painful lumps.",fungal infection
"I have a lot of pain in my legs, especially when I stand or walk for a long time. The skin on my calves is also swollen and red.",varicose veins
"I've been coughing a lot recently with chest pain and feeling incredibly chilly and exhausted. Additionally, my heart is thumping rapidly, and the phlegm I cough up has a reddish hue.",pneumonia
"I'm having trouble breathing and am quite uneasy. My throat is filled with a lot of phlegm, and I'm perspiring a lot. My heart is racing, and my chest aches. I'm coughing up reddish mucous.",pneumonia
I've been drinking a lot more water and going to the bathroom more often. My mouth and throat are always dry. I've also been hungrier than usual.,diabetes
"Back pain, a hacking cough, and numbness in my arms and legs have been bothering me. In addition, my neck hurts, and I've having trouble staying balanced and without getting lightheaded.",cervical spondylosis
"I've been having trouble sleeping because of the rash that itches and hurts. My nails have little dents in them, which is really scary. My nails are also inflamed.",psoriasis
"My body has been itching terribly all over, and there are now red spots everywhere. Some of the patches also differ in tone from my natural complexion. And there are these lumps or pimples that have appeared on my skin.",fungal infection
"I've been feeling dizzy and lightheaded, and I've been having problems keeping my balance. I've also noticed that my concentration and focus have been slipping.",hypertension
"I've been having a lot of trouble urinating. I feel like I have to go all the time, and when I do, it hurts. My urine is also cloudy and has a strong smell.",urinary tract infection
There are red sores on my face and near my nose. I have noticed that the rash is spreading more quickly on my neck and chest.,impetigo
I've been feeling really sick and I've had a lot of fatigue. I've had a really bad cough and my throat has been really sore. I've had a lot of sinus pressure and my nose has been really congested. I just feel really run down and miserable.,common cold
"I've been experiencing severe itching, chills, vomiting, and a high fever. I'm also sweating a lot and have a headache. Nausea and muscle pain have been causing me a lot of discomfort.",malaria
"I've been feeling really hot and sweaty, and I've been throwing up. I've also been shivering and my skin is really itchy. I have a headache and my muscles hurt.",malaria
"skin_rash,joint_pain,skin_peeling,small_dents_in_nails,inflammatory_nails",psoriasis
I have varicose veins in my legs. They are swollen and painful.,varicose veins
"I always feel exhausted, have bad taste, and have an extremely scratchy throat. I also have muscular pain and heat. My entire body simply cramps up occasionally.",allergy
"I've been having headaches, chest discomfort, dizziness, and difficulty concentrating.",hypertension
"I always have foul breath and a sour taste in my mouth, and occasionally, the tingling in my throat makes it difficult to swallow meals.",Gastroesophageal Reflux Disease
I'm always worn out and experiencing a tingle in my throat. I've also started to have dry skin. My eyes occasionally swell up,allergy
I have a terrible pain in my stomach and I feel really sick. I'm also running a fever. I'm worried that I might have typhoid.,typhoid
"I have asthma, which causes wheezing and breathing problems. I also get headaches and fevers a lot. I'm always tired.",allergy
"I have been having headaches for a while now. They are very painful and make me feel sick. I also have nausea, vomiting, and sensitivity to light and sound.",migraine
I have a lot of pain in my chest and I feel really sick to my stomach. My chest has been hurting a lot lately and I've been really shaky and anxious.,drug reaction
"I was at work when I started feeling a headache, chest pain, and dizziness. It's been hard for me to concentrate and focus on my tasks since then.",hypertension
I have been having cramps in my calves when I walk or stand for a long time. I also have some very noticeable veins in my legs.,varicose veins
"I've felt really scratchy, nauseated, and worn out. I also had a high fever and lost weight. Both my skin and my urine have become yellow. Additionally, my stomach has been hurting.",jaundice
"I have been having headaches and digestive issues, including acid reflux and indigestion, for a while now. I also have a sore neck, depression, irritability, and visual disturbance.",migraine
"I have lower abdominal ache and a bursting sensation when I urinate. Since I began to experience these additional symptoms, I have also been experiencing low body temperatures. I've been weak as a result of this.",urinary tract infection
"I lack energy and feel like my neck is bloated. My eyes are red, and my throat feels scratchy. I have severe congestion in my nostrils, and my face is under pressure. I can't smell anything, and my chest hurts.",common cold
"I've been experiencing severe weariness and a sickly sensation. My throat has been really painful and I've had a fairly severe cough. My nose has been quite stuffy, and I've had significant sinus pressure. I'm really miserable and extremely exhausted.",common cold
"Symptoms of a common cold usually appear one to three days after exposure to a cold-causing virus. Signs and symptoms, which can vary from person to person, might include:  Runny or stuffy nose Sore throat Cough Congestion Slight body aches or a mild headache Sneezing Low-grade fever Generally feeling unwell  The discharge from your nose may start out clear and become thicker and yellow or green as a common cold runs its course. This doesn't usually mean you have a bacterial infection.",common cold
"I've been feeling really sick for the past few days. I have a high fever, chills, and a headache. I've also been vomiting and sweating a lot. I'm also really itchy and my muscles are sore.",malaria
"I have a really high fever, and I'm having trouble breathing. I'm sweating a lot and feeling really cold and tired. My heart is beating really fast, and I have some brownish sputum",pneumonia
"Along with headaches, indigestion, acid reflux, excessive appetite, a sore neck, sadness, impatience, and visual disturbance, I have also been experiencing blurred and distorted vision.",migraine
"I've had intense aches in my chest, a headache that won't go away, and I've been feeling dizzy and unsteady.",hypertension
"I've been losing weight and feeling sick to my stomach. My skin is yellow, and I have a fever. My urine is dark, and my stomach hurts.",jaundice
I have a plugged nose and nasal congestion. I occasionally have stiffness and chest discomfort at night. I've also lost my ability to taste and smell.,allergy
"I suddenly experienced a headache, chest pain, and dizziness in the middle of a conference. Since then, it has been challenging for me to concentrate and focus on the topic.",hypertension
"I occasionally have trouble swallowing food because of the tingling in my throat, terrible breath, and bad taste in my mouth.",Gastroesophageal Reflux Disease
"I have asthma and I get wheezing and breathing problems. I also have fevers, headaches, and I feel tired all the time.",allergy
"I've been suffering from constipation and stomach discomfort, which has been really uncomfortable. Last night, I had a mild fever too.",typhoid
"I've had a rash that won't go away and a bothersome itching on my skin. In addition, I've seen some color-different areas and bumps that resemble knots or lumps on my skin.",fungal infection
"I have a fever and my stomach hurts. I have to pee all the time, and it hurts when I do. The pain is always there, and it gets worse at night. My pee smells bad.",urinary tract infection
"I have been experiencing headaches, as well as blurred and distorted vision, excessive hunger, a stiff neck, depression, irritability, and visual disturbance",migraine
My neck has been very tight and my muscles have felt quite weak recently. It's tough for me to move around without getting stiff because of my swollen joints. Walking has also been very uncomfortable.,arthritis
I have a rash on my face and near my nose. It's been there for a few days and it's starting to spread down my arms and legs.,impetigo
"I've been sneezing a lot, and I feel really tired. I have a lot of gunk in my nose and throat, and my throat hurts. My neck also feels swollen.",common cold
"My skin rash gets worse in the winter when the air is dry. To keep my skin moisturized, I have to moisturize more regularly and use humidifiers. I am also facing joint pain.",psoriasis
"I've had a high fever, chills, and intense itching. In addition, I have a headache and am perspiring a lot. I've been suffering from nausea as well as muscle ache.",malaria
"Cystic acne            Cystic acne   Cystic acne Cystic acne — the most severe form of acne — occurs when oil and dead skin cells build up deep within hair follicles. The resulting rupture within your skin may form boil-like inflammation.               Cystic acne                Cystic acne         Cystic acne   Cystic acne Cystic acne — the most severe form of acne — occurs when oil and dead skin cells build up deep within hair follicles. The resulting rupture within your skin may form boil-like inflammation.       Cystic acne   Cystic acne Cystic acne — the most severe form of acne — occurs when oil and dead skin cells build up deep within hair follicles. The resulting rupture within your skin may form boil-like inflammation.     Cystic acne   Cystic acne Cystic acne — the most severe form of acne — occurs when oil and dead skin cells build up deep within hair follicles. The resulting rupture within your skin may form boil-like inflammation.  Close  Close Cystic acne   Cystic acne Cystic acne — the most severe form of acne — occurs when oil and dead skin cells build up deep within hair follicles. The resulting rupture within your skin may form boil-like inflammation.  Cystic acne Cystic acne — the most severe form of acne — occurs when oil and dead skin cells build up deep within hair follicles. The resulting rupture within your skin may form boil-like inflammation. Cystic acne — the most severe form of acne — occurs when oil and dead skin cells build up deep within hair follicles. The resulting rupture within your skin may form boil-like inflammation. Acne signs vary depending on the severity of your condition:  Whiteheads (closed plugged pores) Blackheads (open plugged pores) Small red, tender bumps (papules) Pimples (pustules), which are papules with pus at their tips  Large, solid, painful lumps under the skin (nodules) Painful, pus-filled lumps under the skin (cystic lesions)  Acne usually appears on the face, forehead, chest, upper back and shoulders.",acne
"I've been feeling really tired lately, and I've been having trouble losing weight. I've also been feeling really thirsty, and I've been going to the bathroom a lot more than usual.",diabetes
"I have these large, bulging veins on my legs that are really painful. They're really visible and I'm worried about them.",varicose veins
"I've been having chills, nausea, a high temperature, and a headache. I've also been sweating a lot and feeling muscle aches.",malaria
The sores around my nose have become crusted over and are difficult to touch. A yellow-rust coloured ooze used to come out of the sores. It is taking much more time to handle.,impetigo
"My neck is swollen, and I'm exhausted. My throat is scratchy, and my eyes are burning red. My nose is really clogged, and I am experiencing facial pressure. My chest hurts, and I'm unable to smell anything.",common cold
"I've been feeling really sick. I've lost weight, have a fever, and I'm so tired. My skin is yellow, and my urine is dark. I've also been having stomach pain.",jaundice
"I've been throwing up and experiencing intense itching. Along with losing weight, I'm also really exhausted. My skin has become yellow, and my fever is really high. I've been having stomach pain and my pee is black.",jaundice
I feel like I'm always tired and I have a tickle in my throat. My skin is also dry and I sometimes get swelling around my eyes.,allergy
I noticed blood in my urinating. I occasionally feel sick after urinating. I frequently feel as though I have a fever.,urinary tract infection
"chills,fatigue,cough,high_fever,headache,swelled_lymph_nodes,malaise,phlegm,throat_irritation,redness_of_eyes,sinus_pressure,runny_nose,congestion,chest_pain,loss_of_smell,muscle_pain",common cold
"I've been having trouble breathing, a cough that won't go away, and I'm exhausted. I've been coughing up a lot of thick, mucusy stuff and I have a fever. I'm just so tired from all of this.",bronchial asthma
"I have been experiencing muscle pain and headache. The muscle pain feels like a constant ache and is worse when I try to use the affected muscles. There are small red spots developing on my face, neck and arms.",dengue
"muscle_weakness,swelling_joints,movement_stiffness,painful_walking",arthritis
"fatigue,cramps,obesity,swollen_legs,swollen_blood_vessels,prominent_veins_on_calf",varicose veins
"I've been experiencing balance issues, chest pain, headaches, and pains. I've been having trouble focusing as well.",hypertension
I have a lot of red spots on my skin and they are spreading rapidly. I also have a mild fever and headache every night.,chicken pox
The stomach discomfort has been severe and frequent. Vomiting and constipation have also happened. I'm concerned about my health.,typhoid
"My bloody stools have caused me to lose a lot of things, including iron and bloos. I now have anaemia as a result, and I typically feel rather weak.",Peptic Ulcer Disease
"I've been having headaches, chest pain, and dizziness. I've also been having trouble concentrating and focusing on my tasks.",hypertension
"itching,vomiting,fatigue,weight_loss,high_fever,yellowish_skin,dark_urine,abdominal_pain",jaundice
"I've been having a headache and chest pain for a few days, but today I've also been feeling dizzy and unsteady on my feet.",hypertension
"I've been experiencing stiffness and weakness in my neck muscles recently. Since my joints have grownup, it's onerous on behalf of me to run while not obtaining stiff. in addition, walking has been extraordinarily uncomfortable.",arthritis
I'm having trouble breathing and I'm really uncomfortable. My throat is full of phlegm and I'm sweating a lot. My heart is racing and my chest hurts. I'm coughing up red mucus.,pneumonia
"My nails are slightly dented. Even my joints are now experiencing excruciating discomfort. My skin has a silver-like powder, especially on my back and elbows. ",psoriasis
"I've been feeling really sick and I've lost my appetite. I've also noticed some red spots on my arms, neck, and face that itch when I touch them.",chicken pox
"My skin has been itching a lot and developing a rash. Additionally, I have a few areas of my skin that are a different hue than the rest of it. Additionally, I have a few firm pimples or breakouts on my skin.",fungal infection
The cramps in my calves have been making it difficult for me to walk and do my daily activities. They come on suddenly and last for several minutes.,varicose veins
I've had trouble sleeping because of the itching and pain produced by the rash. My nails have little dents. I am also experiencing skin peeling in different parts of my body.,psoriasis
"I've been feeling really run down and achy, and I can't stop coughing. It hurts in my chest when I do, and my heart feels like it's racing. I've been coughing up a lot of gross, brown mucus.",pneumonia
"I have a silvery dusting on my skin, especially on my lower back and scalp. It is made up of small scales that flake off easily when I scratch them.",psoriasis
"I have been having migraines for a few days. I have distorted eyesight, excessive appetite, a painful neck, melancholy, irritability, acid reflux, indigestion, and regular headaches.",migraine
"I've been having a tough time with this constant cough, difficulty breathing, and fatigue. My fever is high, and I've been coughing up a lot of thick, mucoid sputum. It's all been rather draining and exhausting, and I'm feeling quite sick at the moment.",bronchial asthma
"I've recently been experiencing a severe skin rash. Blackheads and pimples packed with pus are everywhere. Additionally, my skin has been scurring a lot.",acne
"I have a high fever, chills, and severe itching. In addition, I have a headache and have been perspiring a lot. I've also been bothered by nausea and muscular ache.",malaria
"I have a high fever, chills, and severe itching. In addition, I have a headache and am perspiring a lot. I've been feeling awful with nausea and muscle ache.",malaria
"I regularly have trouble swallowing, and I sometimes feel like food is becoming trapped in my throat. I frequently feel bloated and belch. Every time, I have a bad aftertaste.",Peptic Ulcer Disease
I have been feeling itchy and have been vomiting. I am also very tired and have lost weight. My fever is high and my skin has become yellow. I have been experiencing abdominal pain as well.,jaundice
"I've been having pain in my neck, arms, and legs. I've also been having trouble staying balanced and without getting woozy.",cervical spondylosis
"I've been having difficulty using the restroom. It's been difficult to go, and it aches when I do. My anus is quite painful, and it has been bleeding whenever I go. It's excruciatingly painful, and I'm quite uneasy.",Dimorphic Hemorrhoids
"Recently, I've been having a lot of difficulty using the restroom. My bowel movements have been extremely uncomfortable and difficult for me to have.  My anus has been quite inflamed, and my stool has been extremely bloody.",Dimorphic Hemorrhoids
"I've been experiencing high fever, especially at night. It's been really uncomfortable. There is a mild headache along with constipation and diarrhea.",typhoid
I have noticed that there are bruises on my legs that I cannot explain. They are not painful but are concerning to me.,varicose veins
My wound is healing slowly and at a slower rate. My hands and feet are numb and tingling at the same time.,diabetes
"Back pain, a dry cough, and a lack of muscle strength have been bothering me. My neck hurts, and I've been feeling lightheaded and shaky.",cervical spondylosis
My neck muscles have been tight and weak lately. I've also been having trouble running and walking because my joints are stiff.,arthritis
"I've been feeling really tired lately. I can barely keep my eyes open during the day, and I've been feeling lethargic and unable to motivate myself. I've also been having a lot of trouble sleeping.",chicken pox
"I've had a scratchy stomach and been throwing up. Aside from losing weight, I am also really exhausted. I have a high fever and yellow skin. Besides having stomach ache, my pee is black.",jaundice
"My bowel motions have changed; they've been constipated and diarrhoeal. I lack energy, appetite, and frequently feel really exhausted.",Peptic Ulcer Disease
"Recently, my muscles have felt quite weak, and my neck has been really tight. I have swollen joints, making it difficult for me to move. Walking has also been painful.",arthritis
"My skin has a silvery layer over it, especially on my back and arms. This dusting is made up of small scales that peel off readily when rubbed. Also, there are rashes all over my body.",psoriasis
"I have red, itchy, and scaly patches on my skin. They are often on my genitals, but I also have them on other parts of my body. They are sometimes painful and uncomfortable.",psoriasis
"The fatigue has been really uncomfortable, and I've had a lot of difficulties doing my usual activities. I've also been feeling really depressed and irritable. There is mild pain in the abdominal part too.",typhoid
"I've been coughing and sneezing for days. My nose is stuffy, and my face hurts. I've been coughing up phlegm, and it hurts in my chest. I can't smell anything, and my muscles hurt.",common cold
I have been feeling a lot of pain in my legs lately. It feels like a cramp and it is worse when I stand or walk for a long time.,varicose veins
"Doctor, I have a really itchy rash on my skin and there are some weird spots that are a different color. There are also some bumps on my skin that look like little knots",fungal infection
"My nose always feels stuffy and congested, and my eyes are always red and itching. I have a feeling of being unwell and fatigued, and I keep hacking up this gunk. I have a scratchy, irritated throat, and I've seen that my neck's bumps are larger than usual.",common cold
"My neck has been really stiff, and I've had terrible muscle weakness. Due to the swelling in my joints, it has been challenging to move about. Walking has been quite unpleasant.",arthritis
The rash on my legs is spreading and becoming more severe. It has become very difficult for me to run.,varicose veins
"I've been having constipation and belly pain for a few days now. The belly pain has been getting worse and is starting to affect my daily life. I also get chills every night, followed by a mild fever.",typhoid
I have a stiff neck and muscle weakness. I have trouble moving around because of the swelling in my joints. Walking is painful.,arthritis
"I feel tired all the time, and my throat feels tingly. I also have dry, flaky skin. Sometimes my eyes get puffy, and my face swells up too.",allergy
My neck has been extremely tight and my muscles have felt quite weak recently. It is difficult for me to move around without becoming stiff due to my swollen joints. Walking has also been extremely uncomfortable.,arthritis
"I have to constantly go to the bathroom to pee, but I can't seem to empty my bladder. I get these very strong and uncontrollable urges to pee and sometimes my pee is dark or bloody.",urinary tract infection
"skin_rash,joint_pain,vomiting,fatigue,high_fever,headache,nausea,loss_of_appetite,pain_behind_the_eyes,back_pain,malaise,muscle_pain,red_spots_over_body",dengue
I have been urinating with blood in it. I occasionally feel queasy when urinating. I frequently almost have a fever at the same time.,urinary tract infection
I've been coughing a lot and it's hard to breathe. I've been coughing up a lot of mucus and my fever is high.,bronchial asthma
"I've been vomiting and having diarrhea for a few days. I'm also having a hard time keeping down liquids. I have a fever, a headache, and my stomach hurts. I can't do anything physical because I'm so weak.",typhoid
"Small red sores appeared near my nose and neck at first. I now have a high temperature, and the sores have gotten more painful and inflamed in recent days.",impetigo
"I've had trouble falling asleep because of the rash's pain and itching. The skin on my fingers are starting to peel off. My nails have a few tiny cracks, which is really worrying. ",psoriasis
"Along with a chest pain and dizziness, I've had a headache that seems like a sharp pain in my forehead.",hypertension
"I've been feeling really weak and cold lately, and this cough won't go away. It hurts in my chest when I cough, and my heart is pounding. The mucus I'm bringing up is a rusty brown color.",pneumonia
"My sex desire has decreased, and I'm finding it harder to function sexually. I regularly have brain fog and feel quite dizzy and disoriented.",drug reaction
"chills,vomiting,fatigue,high_fever,headache,nausea,constipation,abdominal_pain,diarrhoea,toxic_look_(typhos),belly_pain",typhoid
"Common signs and symptoms of GERD include: GERD  A burning sensation in your chest (heartburn), usually after eating, which might be worse at night or while lying down Backwash (regurgitation) of food or sour liquid Upper abdominal or chest pain Trouble swallowing (dysphagia) Sensation of a lump in your throat  If you have nighttime acid reflux, you might also experience:  An ongoing cough Inflammation of the vocal cords (laryngitis) New or worsening asthma",Gastroesophageal Reflux Disease
I'm having trouble breathing and I'm really uncomfortable. I'm sweating a lot and my throat is full of mucus. My chest hurts and my heart is racing. I'm coughing up dark mucus.,pneumonia
I've recently been battling a pretty itchy rash on my skin. There are pus-filled pimples and blackheads all over it. My skin has also been scurring a lot.,acne
"I've been having a headache, chest pain, and feeling unstable and off balance. I've also been feeling unwell and having problems focusing.",hypertension
My skin has just acquired a nasty rash. It's full of pus-filled pimples and blackheads. My skin has been really sensitive as well.,acne
I have blurred vision and it only seems to be getting worse. I feel fatigued and tired all the time. I also feel very dizzy and light headed at times,diabetes
"In addition to having a stiff neck and eye issues, I have been always hungry.",migraine
"I've been having a lot of back pain, and it's been radiating down my arms and legs. I've also been having trouble staying balanced and experiencing dizziness. My neck hurts, too.",cervical spondylosis
"I have a rash on my back and chest, and my skin is itchy. Sometimes my skin is flaky, and I get body marks.",drug reaction
"I have a rash around my nose and mouth, and it's spreading to other parts of my body. I also have a fever.",impetigo
"I've been having a lot of trouble sleeping because of the high fever, headache and chills. I wake up every day having a terrible pain in my belly area. I've also been feeling really weak and tired.",typhoid
I've been feeling really down lately and my urine smells really bad. I can't seem to hold my urine in and my kidneys hurt. I've also been craving things I don't normally like.,urinary tract infection
I feel really sick. I have no energy and have lost my appetite. I also have small red spots on my skin.,chicken pox
"I've had a persistent stomach pain for the past week, and it is not healing even with medication. I feel like vomiting and can't eat anything, and because of which I have become extremely weak.",typhoid
"I've been feeling really dizzy and lightheaded lately. I also have a headache and my chest hurts. I'm not sure what's going on, but I'm worried.",hypertension
"I have been experiencing muscle weakness and stiffness in my neck, as well as swelling in my joints. This makes it difficult for me to walk around without feeling stiff and uncomfortable.",arthritis
I have put on a lot of weight and am now very obese. I have different urges and different appetites.,drug reaction
"I've been feeling really sick lately. My nose is running like crazy, and I can't stop sneezing. I'm also exhausted and have a fever.",common cold
I'm sneezing and my nose is running. I feel exhausted and my head hurts. I have a fever.,common cold
"I've been feeling really cold, and I'm so tired. I can't seem to shake this cough, and it hurts when I cough. My chest aches, and my heart is racing. The mucus I'm coughing up is a disgusting brownish color.",pneumonia
"Along with a headache and chest pain, I also experienced fainting and balance issues. Additionally, I've discovered that it's hard for me to focus.",hypertension
I've been having trouble breathing and I've been coughing up a lot of mucus. I've also been feeling really tired.,bronchial asthma
"I'm always tired, and my mouth tastes terrible. My throat itches, and my muscles burn and ache. Sometimes I have cramps all over my body.",allergy
"I have a metallic taste in my mouth, and also have a sense of change of taste and smell. Sometimes get very unbearable joint pain and muscle pain",drug reaction
"I've been experiencing neck pain, vertigo, and instability. I've also been having a chronic cough and limb weakness.",cervical spondylosis
I have a burning ache in my legs that gets worse when I stand or walk for long periods of time.,varicose veins
I have pain in my joints and back. I feel like vomiting and I am very weak. I am not able to focus on my work and don’t feel like doing anything.,dengue
"I've been feeling really sick lately. I've been having a lot of nausea and vomiting, and I've lost my appetite. I've also been feeling really weak.",typhoid
"Back pain, a dry cough, and stiffness in my arms and legs have been bothering me. I've had problems staying balanced and experience dizziness, and my neck hurts.",cervical spondylosis
I have terrible mental clarity and find it difficult to stay focused. I regularly forget things and have problems remembering things.,drug reaction
"I've also had some diarrhea, which has been really unpleasant. It's been coming and going, and it's been accompanied by abdominal cramps and bloating.",typhoid
"I discovered that I had a significant rash all over my body this morning. Blackheads and pus-filled pimples are proliferating, and my skin has been scurrying a lot.",acne
"I have been having a lot of pain in my back, neck, and limbs. I also have been coughing a lot and I feel dizzy and off balance.",cervical spondylosis
"I feel sick, queasy, and wobbly. My throat is swollen and makes it hard for me to breathe. My chest hurts sometimes at night, and I sometimes feel sick.",allergy
"I'm having trouble breathing and I feel like I'm getting out of breath easily. My face and chest are swollen, my eyes hurt, and I have a dry, hacking cough.",allergy
"I've been having these red rashes that keep popping up and my skin is constantly itching. I've also noticed some odd color-different spots on my skin, as well as some little nodules on my skin that appear to be expanding.",fungal infection
I have been suffering from a high fever for the last couple of days. Sores are developing near my nose. The sores are painful and I am feeling very uncomfortable these days.,impetigo
"I've been feeling dizzy and lightheaded, and I've been having trouble concentrating and focusing.",hypertension
"My arms and neck have large lymph nodes, which itch when I touch them. The itching has made my day extremely uncomfortable.",chicken pox
"I have a high fever every night and developed sores on my face, particularly near my nose. I have noticed that the sores are taking longer to heal and are more prone to infection.",impetigo
"I've been having a hard time breathing. I've been coughing a lot and I'm coughing up a lot of thick, sticky mucus. I've also been feeling really tired and weak.",bronchial asthma
"I have been experiencing symptoms such as a headache, chest pain, dizziness, loss of balance, and difficulty focusing.",hypertension
"I've been having a lot of trouble breathing, and I've been coughing a lot. I also have a fever, and I'm feeling really weak. I'm not sure what's wrong with me, but I'm worried that it might be something serious.",bronchial asthma
"I've been feeling really tired and achy, and I have this cough that just won't quit. It hurts when I cough, and my chest feels tight. I've also been coughing up a lot of gross-looking mucus.",pneumonia
"Lately I've been experiencing chills, fatigue, a cough, a high fever, and difficulty breathing. I've been sweating a lot and just feeling really sick and weak. I've also had some phlegm that's been really thick and dark.",pneumonia
"I have been having back pain, a cough that won't go away, and weakness in my arms and legs. My neck hurts and I have been dizzy and have trouble keeping my balance.",cervical spondylosis
"I have a rash around my nose, and it's spreading to other parts of my body. I also have a high fever every night.",impetigo
"This morning when I woke up, I discovered an extremely bad rash on my skin. There are several pus-filled pimples and blackheads all around. My skin has also been moving around a lot.",acne
"I keep sneezing, and my eyes don't quit dripping. It's incredibly difficult for me to breathe because it feels like there is something trapped in my throat. I often feel exhausted, and lately, I've had a lot of phlegm. Moreover, my lymph nodes are enlarged.",common cold
"I've been coughing a lot, and I'm really tired. I have a fever, and it's hard to breathe. I also cough up a lot of mucous.",bronchial asthma
"I've noticed a change in my monthly cycle and an unexpected vaginal discharge. I get irritable every now and again, and my moods swing a lot.",drug reaction
I'm having a really hard time catching my breath and I'm sweating a lot. I feel really sick and have a lot of mucus in my throat. My chest hurts and my heart is racing. The mucus I'm coughing up is dark and looks like rust.,pneumonia
"I've been suffering from severe itching all over my body, along with a fever and headache. The red spots are starting to swell and it is getting really uncomfortable every day.",chicken pox
"I've been quite exhausted and ill. My throat has been quite painful, and I've had a fairly nasty cough. I've got a lot of chills and a pretty high temperature. Just feeling extremely run down and weak",common cold
I've been feeling really run down and weak. My throat is really sore and I've been coughing a lot. I've also been feeling really cold and have a fever.,common cold
I am feeling very sick. I have no appetite and I feel like vomiting. I have also noticed some red spots on my skin. I am worried about my health.,chicken pox
I'm having trouble breathing and I'm sweating a lot. I feel really sick and I have a lot of mucus in my throat. My chest hurts and my heart is racing. I'm coughing up a lot of dark mucus that looks like rust.,pneumonia
"I have a burning sensation when I pee, and my lower abdomen hurts. I also have a low temperature and feel weak.",urinary tract infection
"I have been experiencing severe back pain, a persistent cough, and weakness in my limbs. My neck also hurts and I have been feeling dizzy and off balance.",cervical spondylosis
I'm having trouble breathing and I'm sweating a lot. I have a lot of mucous in my throat and I feel sick. My chest hurts and my heart is racing. I'm coughing up red mucus.,pneumonia
I have been having a lot of pain in my back and neck. I also have a cough that won't go away and I feel weak and dizzy.,cervical spondylosis
"joint_pain,skin_peeling,silver_like_dusting,small_dents_in_nails,inflammatory_nails",psoriasis
"Recently, my muscles have felt quite weak, and my neck has been really tight. I have swollen joints and find it difficult to move about without becoming stiff. It has also been really uncomfortable to walk.",arthritis
My skin has simply nonheritable a nasty rash. It's packed with pus-filled pimples and blackheads. My skin has been very sensitive moreover.,acne
I have been having severe itching and vomiting. I am also very tired and have lost weight. My fever is high and my skin has turned yellow. My urine is dark and I have been experiencing abdominal pain,jaundice
I have been feeling nauseous and have a constant urge to vomit. There is a strong pain behind my eyes and there are small red spots all over my arms.,dengue
"Pain typically, a coughing cough, and numbness in my arms and legs have been plaguing me. In addition, my neck hurts, and I've having trouble staying balanced and without getting woozy.",cervical spondylosis
"I have pain in my abdomen, and often get feverish. I have sudden and strong urges to pee. The pain is almost constant, and often increases at night time. My pee almost always has a foul smell. I also feel like I'm not emptying my bladder completely.",urinary tract infection
"I have a rash that is red and itchy. It is covered in silvery scales. It is on my back, elbows, and knees.",psoriasis
"acidity,indigestion,headache,excessive_hunger,stiff_neck,depression,irritability,visual_disturbances",migraine
I have a rash on my arms and legs that is itchy and red. There are also some weird looking spots on my skin. Sometimes the bumps feel kind of hard.,fungal infection
"I've been feeling really sick lately. I've been itchy and throwing up, and I've lost a lot of weight. My skin has turned yellow, and I've been having a high fever. My stomach has also been hurting.",jaundice
There is a distinct pain in my abdominal part. I am not sure what it is. I am also going through constant vomiting and feel nauseous.,typhoid
I have difficulty sleeping due to abdominal pain or discomfort. I have a loss of appetite and feel fatigued after going to the bathroom. I feel very tited all the time,Peptic Ulcer Disease
The cramps in my calves are making it difficult for me to walk. I feel fatigued after working for some time. I believe obesity is the reason behind this.,varicose veins
"I've been experiencing headaches, chest pain, and dizziness. I've also been having trouble walking and concentrating.",hypertension
"I've had a nasty cough and cold for days. My nose is stuffy and my sinuses are congested. I've also been coughing up mucus, and it hurts my chest to cough. I can't smell anything and my muscles are aching.",common cold
"I have noticed that the blood vessels in my legs are getting more noticeable than usual. It is a little concerning to me. Moreover, I am experiencing cramps every day.",varicose veins
"My urine is frequently black, red, and has a really strange odour. I have been experiencing temperature changes very regularly, which usually prevents me from sleeping at night.",urinary tract infection
"I've had a lot of itching on my skin, which occasionally turns into a rash. There are also some odd patches of skin that are a different hue than the rest of me, and I occasionally get little pimples that resemble nodules.",fungal infection
"I felt fine all day, but when I was driving home from work, I suddenly started to have headache, chest discomfort, and dizziness. Since then, it has been challenging for me to concentrate and focus while driving.",hypertension
"My appetite and chronic hunger are both ferocious. My stomach may occasionally ache and spasm. I have gas and bloating after eating, which is really painful.",Peptic Ulcer Disease
"I've been having trouble concentrating and focusing. I've also been experiencing balance issues, a headache, chest pain, and dizziness.",hypertension
"My throat always tickles, and I'm worn out. Additionally, my skin has started to feel dry. Ocular inflammation occasionally affects me.",allergy
"I'm drinking more water and urinating more frequently. My throat and mouth are frequently dry. Recently, my appetite and hunger have both grown.",diabetes
I have been feeling very sick lately. I have been having chest pain and I feel very nauseous. I also sweat a lot.,drug reaction
I have severe nausea and chest discomfort. I have been having chest discomfort lately. I often shiver a lot and feel really nervous. I have been taking a new medication for my high blood pressure.,drug reaction
I have a rash that sometimes causes my skin to peel off. I'm more susceptible to illnesses as a result. I also get shaky and my hands shake sometimes.,drug reaction
"I have trouble breathing, especially outside. I start to feel hot and start to sweat. I frequently have urinary tract infections and yeast infections.",diabetes
"I have been experiencing a red, itchy, scaly rash on my arms, legs, and torso for the past few weeks.",psoriasis
"I have rashes on my chest and back and I itch all over my body. I sometimes have flaky skin, which often leaves marks on my body.",drug reaction
My neck has been extremely tight and my muscles have been feeling extremely weak. It is difficult for me to move around without becoming stiff due to my swollen joints. Walking has also been extremely uncomfortable.,arthritis
I have been vomiting and having diarrhea for the past week. I have also lost a lot of weight and have a high fever. I have a headache and my stomach hurts.,typhoid
"I've been feeling extremely scratchy, sick, and worn out. In addition, I've lost weight and have a temperature. My urine is dark, and my skin has turned yellow. Additionally, I have been experiencing stomach pain.",jaundice
"I have a high fever, chills, and severe itching. Along with my headache and excessive sweating, I've been terrible with nausea and muscle ache.",malaria
I'm having a lot of trouble with my bowel movements lately. It's hard to go and it hurts when I do. My anus is really sore and it's been bleeding when I go. It's really painful and I'm really uncomfortable.,Dimorphic Hemorrhoids
I've been sneezing a lot and feeling really tired and sick. There's also a lot of gross stuff coming out of my nose and my throat feels really scratchy. And my neck feels swollen too.,common cold
I have been having a problem with my pee. It smells funny and sometimes it is red or black. I also have been having trouble sleeping because my body temperature keeps changing.,urinary tract infection
I just developed a really nasty rash on my skin. There are tons of blackheads and pimples that are filled with pus. My skin has also been really scurrying.,acne
"I've been experiencing back pain, a persistent cough, and numbness in my arms and legs. I've been having trouble staying balanced and managing my vertigo, and my neck hurts.",cervical spondylosis
"Back discomfort, a persistent cough, and weakness in my limbs have been bothering me. I have issues with vertigo and losing my equilibrium, and my neck hurts.",cervical spondylosis
"I've had a high temperature, vomiting, chills, and intense itching. I also have a headache and am perspiring a lot. My discomfort has also been brought on by nausea and muscle ache.",malaria
"I've been having trouble going to the restroom recently. When I try to go, it's really uncomfortable, and my anus hurts a lot. I've also had some blood in my stool, and my anus has been really uncomfortable.",Dimorphic Hemorrhoids
I have a lot of sneezing and a sore throat. My lips and the skin around my eyes will sometimes swell up. I can't stop sneezing once I start.,allergy
I often feel like food is getting caught in my throat and have problems swallowing. I feel bloated and frequently belch. I constantly have a bitter aftertaste.,Peptic Ulcer Disease
"I have been feeling nauseous and have a constant urge to vomit, which is accompanied with mild fever and headache. I also feel very weak and tired.",dengue
I have been having a lot of pain in my back and neck. I have also been coughing a lot and I feel weak. I have been dizzy and I have trouble standing up straight.,cervical spondylosis
"I've been having a lot of difficulty breathing, and I feel like I'm constantly nauseous. I also have mild belly pain. It's been terrifying at times.",typhoid
"I've been having a lot of trouble going to the bathroom lately, and it's been really painful. I've also noticed that my stool has been bloody and my anus has been really irritated.",Dimorphic Hemorrhoids
"My eyes are always red and itchy, and my nose feels all stuffy and congested. I just feel kind of sick and tired all the time, and I keep coughing up all this gunk. My throat feels sore and scratchy, and I've noticed that the bumps on my neck are bigger than usual",common cold
"I've been having a fever for a few days, and it's been getting worse. I'm having trouble breathing, and I'm coughing up a lot of phlegm. I'm also feeling really tired and weak.",pneumonia
"I've been feeling really dizzy and disoriented lately, and I've also noticed that my sex drive has decreased. I'm also having a hard time thinking clearly.",drug reaction
I have been having a lot of pain when I urinate and it burns. I also have a fever and I feel like I have to urinate all the time.,urinary tract infection
"I have developed a skin rash that covers my entire body and is accompanied by intense itching. My body pains and I have a mild fever, acompanied with headache and chills.",dengue
"I've been sneezing a lot, and my nose is running. I'm also feeling really tired and achy, and I've been coughing a lot. My fever is also pretty high.",common cold
"I have had a fever for the last couple of days. Now, I am starting to experience a severe pain in my stomach area and suffering from constipation.",typhoid
I have been experiencing severe joint pain that is making my day very difficult. I feel like vomiting all the time and have a mild headache too.,dengue
"I have a runny nose, sneezing, watery eyes, and a cough. My head hurts too.",allergy
"I feel really fatigued and weak, and I have a bad cough. My fever is really high, and my breathing has become shallow. When I cough, a lot of saliva comes out as well.",bronchial asthma
My wound is recovering more slowly now. Both my hands and feet are tingling and going numb. I feel very weak,diabetes
"I have been having back pain, a chronic cough, and weakness in my limbs. I have also been feeling disoriented and weak on my feet, and my neck hurts.",cervical spondylosis
"I have a dry cough that won't go away. I also have palpitations and my infections don't seem to be getting better. Sometimes my throat hurts, but it seems to get better.",diabetes
"My skin rash is giving me a lot of pain and discomfort. It's red and swollen, and it's spreading throughout my body.",chicken pox
"I have a fever and a rash on my face. The rash is red and painful, and it's oozing yellow fluid.",impetigo
Enlarged lymph nodes are giving me a great deal of pain. I have rashes all over my body and because of which I cannot sleep all night.,chicken pox
"I have a pain in my lower abdomen and I feel like I have to pee all the time. When I do pee, it burns and I feel like I'm not getting everything out. I've also been feeling really cold and weak.",urinary tract infection
I have been getting blood in my pee. Sometimes I get nauseous while peeing. This often almost coincides with me having a high temperature. I also feel like I have to pee all the time.,urinary tract infection
"My nose runs and I sneeze a lot. My eyes are wet and hurt, and I cough all the time. My head aches constantly.",allergy
"its been a week , i am suffering from continious health issues like dry cough  , problems in breathing , weakness throughout the day.",bronchial asthma
"I've been feeling really cold and tired lately. I've been coughing a lot, and it hurts when I breathe. My heart is beating really fast, and when I cough, I cough up phlegm that's kind of a rusty color.",pneumonia
"I'm worried about this rash on my skin. It's spreading rapidly and causing a lot of discomforts. I can hardly sleep at night because of the itching,",chicken pox
"stiff_neck,swelling_joints,movement_stiffness,painful_walking",arthritis
"I have nasal congestion and a blocked nose. On occasion, during the night, I have stiffness and chest pain. I've also lost my senses of taste and smell.",allergy
"I've been feeling really sick. I've had a fever, lost weight, and I've been really tired. My skin and my urine have turned yellow. I've also been having stomach pain.",jaundice
"Periodically, the tingling in my throat, poor breath, and bad taste in my mouth make it difficult for me to swallow meals.",Gastroesophageal Reflux Disease
"I was working out and suddenly felt a headache, chest pain, and dizziness. I have been having trouble keeping my balance since then.",hypertension
"I have a rash all over my body that is really itchy. I also have a fever, body aches, headache, and chills.",dengue
I have a rash all over my body and it's really itchy. I'm also vomiting and my joints hurt.,dengue
I have to pee a lot and I'm always thirsty. I get dizzy and confused sometimes. I've also lost a lot of my vision.,diabetes
My neck has been really tight and my muscles have felt weak. I can't move around without getting stiff and my joints are swollen. Walking is really uncomfortable.,arthritis
"I have been dealing with back pain, a cough that won't go away, and weakness in my arms and legs. My neck hurts and I have had problems with dizziness and maintaining my balance.",cervical spondylosis
"I have been suffering from back pain, a dry cough, and a lack of strength in my muscles. My neck is sore and I have been feeling dizzy and unsteady on my feet",cervical spondylosis
"Along with eyesight problems, increased appetite, a sore neck, melancholy, irritability, and regular headaches, I have also been experiencing acid reflux, indigestion, and frequent migraines. My regular activities have been made more challenging by these symptoms, which have been causing me a great deal of distress.",migraine
I have a lot of small red bumps all over my body. They're itchy and uncomfortable. I'm worried about what they could be.,chicken pox
"I have developed a skin rash that covers my entire body. The rash is red and swollen, and is worse in certain areas such as my arms and legs. I have also lost my appetite. ",dengue
I'm worried about these red spots on my skin. It's spreading rapidly and causing a lot of problems. I also developed a mild fever and headache every night.,chicken pox
"I developed a minor rash near my nose a few days ago. Now, the rash is accompanied by a burning sensation and redness of the skin. I feel it is some kind of an infection.",impetigo
"burning_micturition,bladder_discomfort,foul_smell_of_urine",urinary tract infection
I've been having a hard time eating and swallowing. My nose is running and my throat hurts.,allergy
"I've had a terrible cough and cold for days. My face is tired and my sinuses are blocked. In addition, my chest hurts from the phlegm I've been coughing up. I can't smell, and my muscles are in terrible pain.",common cold
I've been having blood in my urine. I also feel like I'm almost feverish and sometimes get nauseous when I urinate.,urinary tract infection
I have a hard time concentrating and my mind is not clear. I have trouble remembering things and I forget things a lot.,drug reaction
"I've felt really scratchy, nauseated, and worn out. I also had a high fever and lost weight. Both my skin and my urine have become yellow. I've also been experiencing stomach pain.",jaundice
"I've been experiencing chills, feeling worn out, and I can't seem to get rid of this cough. When I cough, my chest aches and my heart feels as like it is beating a million miles per hour. I'm coughing up a nasty rust-colored phlegm.",pneumonia
"I have been struggling with back pain, a persistent cough, and weakness in my muscles. My neck hurts and I have had problems with dizziness and loss of balance.",cervical spondylosis
I've been having a very unhealthy rash on my skin latterly. It's filled with pus-filled pimples and blackheads. My skin has additionally been scurring heaps.,acne
"I've been battling with back pain, a dry cough, and limb weakness. I've been feeling dizzy and unstable on my feet, and my neck hurts.",cervical spondylosis
"I have been feeling really sick lately. I have been having chills and fever, and my stomach has been hurting really badly. I just don't feel like myself at all.",typhoid
"I've been feeling really unwell recently. I've been having chills, a cough, and a high temperature. I've also been struggling to breathe and I've been sweating a lot. I've also had some thick, black phlegm.",pneumonia
"I've been experiencing a lot of itching on my skin, and sometimes it turns into a rash. There are also some strange patches of skin that are a different color than the rest of me, and sometimes I get little bumps that look like nodules.",fungal infection
"I've been having a lot of stomach pain and bloating, and I've been constipated. I also have a high fever and chills.",typhoid
"I am experiencing constipation and stomach ache. The discomfort has gotten worse, and it is seriously interfering with my everyday life. I feel like I have lost my appetite to eat anything.",typhoid
Constipated and diarrheal bowel motions have been happening to me. I frequently have a lack of energy and appetite.,Peptic Ulcer Disease
"My monthly cycle has changed, and I've had an unexpected vaginal discharge. I frequently experience mood swings and experience occasional agitation.",drug reaction
"My temperature is very high, and I'm having a hard time breathing. I'm sweating profusely, and I'm shaking with chills. I'm really tired, and my heart is beating really fast. I also have some brownish phlegm coming up",pneumonia
I have a high fever and a headache. My body hurts and I feel cold. I'm worried about my health.,dengue
"itching,skin_rash,stomach_pain,spotting__urination",drug reaction
"Back ache, a chronic cough, and limb weakness have been bothering me. I have troubles with disorientation and balance loss, and my neck hurts.",cervical spondylosis
"Strong itchiness, chills, nausea, and a high temperature have been plaguing me. Besides having a headache, I'm also perspiring a lot. My muscles are quite sore, and I feel sick.",malaria
"Lately, I've been having stiffness and weakness in my neck muscles. Since my joints have matured, it is difficult for the American state to operate without becoming stiff. Furthermore, walking has been quite painful.",arthritis
"I have a rash all over my body, and it's really itchy. I also have some spots where the color of my skin is different, and some lumps and knot-like pimples.",fungal infection
"I have trouble breathing and get short of breath. I have a dry, hacking cough, itchy eyes, and swelling all over my face and body. I also have a runny nose and sneezing.",allergy
"I have been experiencing digestive issues, including acidity and indigestion, as well as frequent headaches and impaired vision, excessive hunger, a stiff neck, depression, irritability, and visual disturbance",migraine
"Plaque psoriasis            Plaque psoriasis   Plaque psoriasis Plaque psoriasis is the most common type of psoriasis. It causes dry, raised skin patches (plaques) covered with scales.               Plaque psoriasis                Plaque psoriasis         Plaque psoriasis   Plaque psoriasis Plaque psoriasis is the most common type of psoriasis. It causes dry, raised skin patches (plaques) covered with scales.       Plaque psoriasis   Plaque psoriasis Plaque psoriasis is the most common type of psoriasis. It causes dry, raised skin patches (plaques) covered with scales.     Plaque psoriasis   Plaque psoriasis Plaque psoriasis is the most common type of psoriasis. It causes dry, raised skin patches (plaques) covered with scales.  Close  Close Plaque psoriasis   Plaque psoriasis Plaque psoriasis is the most common type of psoriasis. It causes dry, raised skin patches (plaques) covered with scales.  Plaque psoriasis Plaque psoriasis is the most common type of psoriasis. It causes dry, raised skin patches (plaques) covered with scales. Plaque psoriasis is the most common type of psoriasis. It causes dry, raised skin patches (plaques) covered with scales.            Guttate psoriasis            Guttate psoriasis   Guttate psoriasis Guttate psoriasis, more common in children and young adults, appears as small, water-drop-shaped spots on the trunk, arms or legs. These spots are typically covered by a fine scale.               Guttate psoriasis                Guttate psoriasis         Guttate psoriasis   Guttate psoriasis Guttate psoriasis, more common in children and young adults, appears as small, water-drop-shaped spots on the trunk, arms or legs. These spots are typically covered by a fine scale.       Guttate psoriasis   Guttate psoriasis Guttate psoriasis, more common in children and young adults, appears as small, water-drop-shaped spots on the trunk, arms or legs. These spots are typically covered by a fine scale.     Guttate psoriasis   Guttate psoriasis Guttate psoriasis, more common in children and young adults, appears as small, water-drop-shaped spots on the trunk, arms or legs. These spots are typically covered by a fine scale.  Close  Close Guttate psoriasis   Guttate psoriasis Guttate psoriasis, more common in children and young adults, appears as small, water-drop-shaped spots on the trunk, arms or legs. These spots are typically covered by a fine scale.  Guttate psoriasis Guttate psoriasis, more common in children and young adults, appears as small, water-drop-shaped spots on the trunk, arms or legs. These spots are typically covered by a fine scale. Guttate psoriasis, more common in children and young adults, appears as small, water-drop-shaped spots on the trunk, arms or legs. These spots are typically covered by a fine scale.            Inverse psoriasis            Inverse psoriasis   Inverse psoriasis Inverse psoriasis causes smooth patches of inflamed skin in the folds of the skin. It usually appears under the breasts and around the groin and buttocks.               Inverse psoriasis                Inverse psoriasis         Inverse psoriasis   Inverse psoriasis Inverse psoriasis causes smooth patches of inflamed skin in the folds of the skin. It usually appears under the breasts and around the groin and buttocks.       Inverse psoriasis   Inverse psoriasis Inverse psoriasis causes smooth patches of inflamed skin in the folds of the skin. It usually appears under the breasts and around the groin and buttocks.     Inverse psoriasis   Inverse psoriasis Inverse psoriasis causes smooth patches of inflamed skin in the folds of the skin. It usually appears under the breasts and around the groin and buttocks.  Close  Close Inverse psoriasis   Inverse psoriasis Inverse psoriasis causes smooth patches of inflamed skin in the folds of the skin. It usually appears under the breasts and around the groin and buttocks.  Inverse psoriasis Inverse psoriasis causes smooth patches of inflamed skin in the folds of the skin. It usually appears under the breasts and around the groin and buttocks. Inverse psoriasis causes smooth patches of inflamed skin in the folds of the skin. It usually appears under the breasts and around the groin and buttocks.            Nail psoriasis            Nail psoriasis   Nail psoriasis Psoriasis can affect fingernails and toenails, causing pitting, abnormal nail growth and discoloration.               Nail psoriasis                Nail psoriasis         Nail psoriasis   Nail psoriasis Psoriasis can affect fingernails and toenails, causing pitting, abnormal nail growth and discoloration.       Nail psoriasis   Nail psoriasis Psoriasis can affect fingernails and toenails, causing pitting, abnormal nail growth and discoloration.     Nail psoriasis   Nail psoriasis Psoriasis can affect fingernails and toenails, causing pitting, abnormal nail growth and discoloration.  Close  Close Nail psoriasis   Nail psoriasis Psoriasis can affect fingernails and toenails, causing pitting, abnormal nail growth and discoloration.  Nail psoriasis Psoriasis can affect fingernails and toenails, causing pitting, abnormal nail growth and discoloration. Psoriasis can affect fingernails and toenails, causing pitting, abnormal nail growth and discoloration.            Pustular psoriasis            Pustular psoriasis   Pustular psoriasis Pustular psoriasis generally develops quickly, with pus-filled blisters appearing just hours after the skin becomes inflamed and tender. It usually appears on the palms or the soles.               Pustular psoriasis                Pustular psoriasis         Pustular psoriasis   Pustular psoriasis Pustular psoriasis generally develops quickly, with pus-filled blisters appearing just hours after the skin becomes inflamed and tender. It usually appears on the palms or the soles.       Pustular psoriasis   Pustular psoriasis Pustular psoriasis generally develops quickly, with pus-filled blisters appearing just hours after the skin becomes inflamed and tender. It usually appears on the palms or the soles.     Pustular psoriasis   Pustular psoriasis Pustular psoriasis generally develops quickly, with pus-filled blisters appearing just hours after the skin becomes inflamed and tender. It usually appears on the palms or the soles.  Close  Close Pustular psoriasis   Pustular psoriasis Pustular psoriasis generally develops quickly, with pus-filled blisters appearing just hours after the skin becomes inflamed and tender. It usually appears on the palms or the soles.  Pustular psoriasis Pustular psoriasis generally develops quickly, with pus-filled blisters appearing just hours after the skin becomes inflamed and tender. It usually appears on the palms or the soles. Pustular psoriasis generally develops quickly, with pus-filled blisters appearing just hours after the skin becomes inflamed and tender. It usually appears on the palms or the soles.            Erythrodermic psoriasis            Erythrodermic psoriasis   Erythrodermic psoriasis The least common type of psoriasis, erythrodermic psoriasis can cover the entire body with a peeling, itchy rash.               Erythrodermic psoriasis                Erythrodermic psoriasis         Erythrodermic psoriasis   Erythrodermic psoriasis The least common type of psoriasis, erythrodermic psoriasis can cover the entire body with a peeling, itchy rash.       Erythrodermic psoriasis   Erythrodermic psoriasis The least common type of psoriasis, erythrodermic psoriasis can cover the entire body with a peeling, itchy rash.     Erythrodermic psoriasis   Erythrodermic psoriasis The least common type of psoriasis, erythrodermic psoriasis can cover the entire body with a peeling, itchy rash.  Close  Close Erythrodermic psoriasis   Erythrodermic psoriasis The least common type of psoriasis, erythrodermic psoriasis can cover the entire body with a peeling, itchy rash.  Erythrodermic psoriasis The least common type of psoriasis, erythrodermic psoriasis can cover the entire body with a peeling, itchy rash. The least common type of psoriasis, erythrodermic psoriasis can cover the entire body with a peeling, itchy rash. Common signs and symptoms of psoriasis include:  A patchy rash that varies widely in how it looks from person to person, ranging from spots of dandruff-like scaling to major eruptions over much of the body Rashes that vary in color, tending to be shades of purple with gray scale on brown or Black skin and pink or red with silver scale on white skin Small scaling spots (commonly seen in children) Dry, cracked skin that may bleed Itching, burning or soreness Cyclic rashes that flare for a few weeks or months and then subside  There are several types of psoriasis, each of which varies in its signs and symptoms:  Plaque psoriasis. The most common type of psoriasis, plaque psoriasis causes dry, itchy, raised skin patches (plaques) covered with scales. There may be few or many. They usually appear on the elbows, knees, lower back and scalp. The patches vary in color, depending on skin color. The affected skin might heal with temporary changes in color (post inflammatory hyperpigmentation), particularly on brown or Black skin. Nail psoriasis. Psoriasis can affect fingernails and toenails, causing pitting, abnormal nail growth and discoloration. Psoriatic nails might loosen and separate from the nail bed (onycholysis). Severe disease may cause the nail to crumble. Guttate psoriasis. Guttate psoriasis primarily affects young adults and children. It's usually triggered by a bacterial infection such as strep throat. It's marked by small, drop-shaped, scaling spots on the trunk, arms or legs. Inverse psoriasis. Inverse psoriasis mainly affects the skin folds of the groin, buttocks and breasts. It causes smooth patches of inflamed skin that worsen with friction and sweating. Fungal infections may trigger this type of psoriasis. Pustular psoriasis. Pustular psoriasis, a rare type, causes clearly defined pus-filled blisters. It can occur in widespread patches or on small areas of the palms or soles. Erythrodermic psoriasis. The least common type of psoriasis, erythrodermic psoriasis can cover the entire body with a peeling rash that can itch or burn intensely. It can be short-lived (acute) or long-term (chronic).",psoriasis
"cramps,bruising,obesity,swollen_legs,swollen_blood_vessels,prominent_veins_on_calf",varicose veins
"I've been experiencing a lot of scratching, chills, vomiting, and a fever. I also have a headache and am perspiring a lot. Additionally hurting me have been nausea and muscle soreness.",malaria
"My stomach only feels worse when I stoop or recline. After eating particular meals, such as spicy or acidic cuisine, I have discomfort. This occasionally causes me to have loose stools.",Peptic Ulcer Disease
"I have sores on my face that are weeping clear fluid. I also have a high fever and chills every night, which makes it hard for me to sleep.",impetigo
I have no energy and have lost my appetite. I'm feeling really sick and don't know what's wrong.,chicken pox
I've been feeling really tired and sick to my stomach. I've also been losing weight and have a fever. My urine is really dark and my skin is yellow. I've also been having stomach pains.,jaundice
I'm feeling really hot. I can't breathe well. I'm sweating a lot. I'm shaking. I'm really tired. My heart is beating fast. I have some brown stuff coming up when I cough.,pneumonia
I'm always thirsty and I pee a lot. I feel really tired and I'm always getting lost. I can't see very well anymore.,diabetes
"Back pain, a persistent cough, and numbness in my arms and legs have been bothering me. I've had trouble staying balanced and experiencing dizziness, and my neck hurts.",cervical spondylosis
"I've been vomiting for a few days now and I've been feeling really sick. I have stomach pains and dizziness, and I've lost my appetite. My arms, back, and neck are also in pain.",dengue
I have been having trouble breathing for a few days. I have a fever and a lot of mucus. Can you recommend some medicine?,bronchial asthma
"I'm not interested in sex anymore, and it's hard for me to get aroused. I also have brain fog and feel confused a lot.",drug reaction
I have a fever and my nose is sore. There are red sores on my nose that are painful and have yellow stuff coming out of them.,impetigo
The blood vessels on my legs are quite visible and give me a lot of pain. They're large and protrude from my skin. It is unusual and I am worried about it.,varicose veins
I have swollen red lymph nodes on my arms and legs that itch when I touch them. I'm also suffering from a terrible headache and a mild fever. I don't feel like eating anything and have lost my appetite.,chicken pox
"skin_rash,chills,joint_pain,vomiting,high_fever,headache,nausea,loss_of_appetite,pain_behind_the_eyes,back_pain,malaise,muscle_pain,red_spots_over_body",dengue
I've been throwing up and having stomach pain. I've also lost weight and am really exhausted. I have a high fever and yellow skin.,jaundice
"I have a high fever, severe itching, chills, and vomiting. I also have a headache and have been perspiring a lot. My discomfort has also been brought on by nausea and muscle ache.",malaria
I've been feeling really weak in my muscles lately and my neck has been really stiff. My joints are swollen and it's hard for me to move around. Walking is also hard.,arthritis
"I have a feeling of food or acid backing up into my throat. I chest pain which gets worse if I lie down. I get frequent heartburn or indigestion, after eating food and vomit it out",Gastroesophageal Reflux Disease
I have persistent dry cough. My infections dont seem to be healing and I have palpitations. I also have this problem of sore throat that does seem to go away,diabetes
"Along with a chronic cough and limb weakness, I've been dealing with excruciating back discomfort. I've been experiencing neck pain as well as vertigo and instability.",cervical spondylosis
The itching is making it hard for me to sleep at night. I can't seem to get any rest because the rash is so itchy and uncomfortable. I'm feeling really tired and exhausted.,chicken pox
"I've observed that the lesions on my face are healing slower and are more prone to infection. The lesions on my cheeks are huge, unpleasant to the touch, and incredibly difficult to treat. I can't seem to get these sores to go away.",impetigo
"I've been really itchy lately and there are these rashy spots all over my skin. There are also some areas that look different in shade than the rest of my skin, and I've had some bumps that are kind of hard.",fungal infection
"I have a really bad cold. My nose is stuffy, my eyes are red and watery, and I have a hard time breathing. My chest hurts, and my muscles are sore. I can't smell anything.",common cold
"I occasionally have burning in my upper abdomen throughout the day or at night. I regularly get severe heartburn, indigestion, and nausea.",Peptic Ulcer Disease
"Recently, I've been experiencing a lot of acne breakouts with pimples that contain pus. I've also been struggling with blackheads.",acne
The skin around the veins on my legs is dry and flaky. It seems there is a major bruise and my legs have started to swell.,varicose veins
"I have been having headaches and distorted vision, excessive hunger, a stiff neck, depression, irritability, and visual disturbance.",migraine
"I have a high fever, chills, nausea, and a headache. I also have muscle aches and a lot of sweating.",malaria
I've been feeling really tired and nauseous. I've had a really bad cough and my throat has been sore. I've had a lot of pressure in my sinuses and my nose is stuffy. I'm feeling really yucky and exhausted.,common cold
I have a rash on my skin that is made up of blisters. The blisters are painful and they are filled with fluid. I also have a fever.,impetigo
I have a fever and feel weak. I have sores on my face that are itchy and uncomfortable. The sores sometimes ooze a yellow fluid.,impetigo
"I instantly experienced a headache, chest pain, and dizziness while working out. Since then, it has been challenging for me to keep my balance.",hypertension
"I am feeling quite weak. I'm having a lot of stomach discomfort and constipation, which is really bothering me. I have a strong urge to vomit at times, and as a result, I can't eat anything.",typhoid
"I am exhausted and have lost my appetite. I feel vomiting and can't eat anything. In addition, little red spots are beginning to appear on my skin and near the neck. I am really worried about my health.",chicken pox
"I've been feeling really sick lately. I've been having a high fever, chills, and vomiting. I'm also sweating a lot and have a headache. I feel nauseous and my muscles are really sore.",malaria
I've been feeling really sick lately. I've been throwing up and I'm itchy all over. I've also lost a lot of weight and I'm really exhausted. My skin has turned yellow and I have a fever. My stomach has been hurting too.,jaundice
"I was out shopping when I started feeling a headache, chest pain, and dizziness. It's been hard for me to focus and concentrate on my tasks since then.",hypertension
"There are red spots all over my body that I can't explain. The spots are itchy and starting to swell, and they are spreading rapidly.",chicken pox
"headache,chest_pain,loss_of_balance,lack_of_concentration",hypertension
"My lower abdomen hurts, and when I urinate, it feels like it's exploding. I've been having low body temps ever since I started having these new symptoms. Because of this, I've been weak.",urinary tract infection
"back_pain,weakness_in_limbs,neck_pain,dizziness,loss_of_balance",cervical spondylosis
"I've been experiencing stiffness in my neck, and my joints have enlarged. It's been difficult for me to move, and walking has been a challenge.",arthritis
"My pee has a strong odour and a hazy look. Since these symptoms started, I've had high temperatures and frequent nighttime urges to urinate.",urinary tract infection
"I have a cough that has continued for days, and I feel really weak and tired. My fever is high, and my breath has become strained. When I cough, I also generate a lot of mucus.",bronchial asthma
"I've been having a fever for a few days now, and it's been getting worse. I'm also really itchy, and I've been throwing up. I feel really weak and tired, and my head hurts. My muscles are also really sore.",malaria
"My skin always itches, and occasionally it becomes quite rough and red. In addition, I occasionally get little pimples that resemble tiny balls and certain spots that are a different colour from the rest of my skin. It severely irritates me and itches.",fungal infection
"I have a burning sensation in my upper abdomen, ofetn between or at night. I have heartburn and indigestion and often feel very nauseous",Peptic Ulcer Disease
"I've been losing my appetite, and I also have trouble swallowing. My nose has been running, and I have a sore throat.",allergy
"The skin on my genitals is red and inflamed. It is often itchy, burning, and uncomfortable. There are rashes on different parts of the body too.",psoriasis
"I have a rash that looks red and inflamed, discoloured areas of skin that are different colours from the rest of my skin, and itching on my skin.",fungal infection
"My muscles are weak, and my neck is tight. My joints are swollen and it hurts to move.",arthritis
I have been taking this medication for a while and I have gained a lot of weight. I have also been craving different foods and have been eating more than I used to.,drug reaction
"My muscles have been weak, and my neck has been stiff. My joints are swollen and it's hard to move around. Walking is really painful.",arthritis
"Along with impaired seeing, excessive eating, a sore neck, melancholy, impatience, and constant headaches, I've also been fighting heartburn, acid reflux, and indigestion.",migraine
I have these cramps in my calves that are really painful. They come on suddenly and last for several minutes. They're making it hard for me to walk and do my daily activities.,varicose veins
"I've been having chest pains, headaches, and dizziness.",hypertension
"skin_rash,pus_filled_pimples,blackheads,scurring",acne
"I have a rash all over my body that is very itchy. It is red and bumpy, and there are some darkened spots and a few tiny, nodular breakouts. It has been happening for several days and is getting worse.",fungal infection
"My eyes are usually red and runny, and my nose is always stuffy. I've also been having difficulty breathing and my chest hurts. In addition, I can't smell anything and my muscles are quite painful.",common cold
I'm having a really bad stomach ache and diarrhea. I also have a fever and a headache. The last few days have been really unpleasant.,typhoid
"I've been struggling with severe back pain, a dry cough, and limb weakness. I've been feeling lightheaded and wobbly on my feet, and my neck hurts.",cervical spondylosis
"I've lost a lot of stuff because of my bloody stools, including iron and bloos. As a result, I now have anaemia and generally feel rather weak.",Peptic Ulcer Disease
"I have been dealing with a headache and chest pain for a few days now, but today the dizziness and loss of balance became much worse.",hypertension
I've been having a fever for a few days and I have sores around my nose and rashes on my body. The sores are really bad and I'm feeling really sick.,impetigo
"I've been feeling really unwell and have been scratching a lot. I have a high fever, chills, nausea, and muscle pain. I've also been sweating a lot.",malaria
"A skin rash with several pus-filled pimples and blackheads has been bothering me lately. Additionally, my skin has been scurring a lot.",acne
"bladder_discomfort,foul_smell_of_urine,continuous_feel_of_urine",urinary tract infection
"My fever is really high, and I'm having trouble catching my breath. I'm sweating a lot, feeling cold and tired, and my heart is beating really fast. I also have some brownish phlegm coming up.",pneumonia
"I have been experiencing headaches, blurred and distorted vision, excessive hunger, a stiff neck, depression, irritability, and visual disturbance.",migraine
I've been vomiting and having diarrhea for a few days. I've been having trouble keeping hydrated because of it. I also have a mild fever and constipation. My head hurts a little bit too.,typhoid
"I have been feeling nauseous, and I have lost my appetite. I also feel uneasy and have a pain in my back and muscles.",dengue
I have slow healing of wounds and cuts. I have this tingling sensation in my hand and numbness in both my hands and feet. I also have a lot of thirst and I'm always tired.,diabetes
"I frequently have indigestion and heartburn, especially after eating spicy or fatty foods. My chest hurts when I lean forward or while I'm lying down. Additionally, my chest hurts a lot.",Gastroesophageal Reflux Disease
"continuous_sneezing,chills,fatigue,cough,high_fever,headache,swelled_lymph_nodes,phlegm,throat_irritation,redness_of_eyes,sinus_pressure,runny_nose,congestion,chest_pain,loss_of_smell,muscle_pain",common cold
"I've been having a lot of respiratory issues lately along with chills, exhaustion, a cough, and a high temperature. I've been sweating profusely and generally feeling ill and weak. My chest aches, and my heart has been racing rapidly.",pneumonia
"I've been experiencing a lot of bowel movement issues recently. It's difficult to go, and it hurts when I do. My anus is quite painful, and it has been bleeding whenever I go. It's excruciatingly painful, and I'm quite uneasy.",Dimorphic Hemorrhoids
I have a rash all over my body and I feel really sick. I have a fever and a headache and I don't know what's wrong.,chicken pox
My neck has been extremely stiff and my muscles have been extremely weak. I have difficulty moving around without feeling stiff because of the swelling in my joints. Walking is also very difficult.,arthritis
"I have a high fever, chills, nausea, and severe itching. I also have a headache and am sweating a lot. I have muscle aches and nausea.",malaria
"I have red, scaly patches on my skin that are itchy and painful. They are mostly on my knees, elbows, and arms, but they can also appear on my scalp and other parts of my body. I also have small dents in my nails.",psoriasis
"I've been experiencing shortness of breath, a persistent cough, and a high fever. I've also been producing a lot of thick, mucoid sputum, and I'm feeling so drained and exhausted. It's been so hard to deal with all of this.",bronchial asthma
I've recently been dealing with an itching rash on my skin. It's covered in pus-filled pimples and blackheads. My skin has also been quite sensitive.,acne
I have noticed cramps in my calves are becoming more frequent and intense. It is causing me a lot of discomforts. I am also overweight and my legs have started to swell. I am worried that I may have varicose veins.,varicose veins
"chills,vomiting,fatigue,high_fever,headache,nausea,abdominal_pain,diarrhoea,toxic_look_(typhos),belly_pain",typhoid
"I've been experiencing stiffness and weakness in my neck muscles recently. Since my joints have grownup, it's heavy on behalf of Pine Tree State to run whereas not getting stiff. additionally, walking has been terribly uncomfortable.",arthritis
I have varicose veins in my legs. They are very painful and make it difficult to sleep at night. I also get cramps when I sprint.,varicose veins
"I've been feeling really down lately, and my pee smells like rotten eggs. My kidney area hurts, and I can't seem to hold my urine in. I have to go to the bathroom all the time.",urinary tract infection
"I have been experiencing frequent headaches, blurred vision, excessive appetite, a sore neck, sadness, irritability, and digestive problems including indigestion and acid reflux.",migraine
"I've been vomiting and having diarrhea for a few days. I've also been having a fever, constipation, and headache. I'm having a hard time staying hydrated.",typhoid
"I have been suffering from acid reflux, indigestion, and regular headaches, as well as impaired vision, excessive hunger, a sore neck, depression, irritability, and visual disturbance. These symptoms have been causing me a lot of distress and making it difficult to go about my daily activities.",migraine
"I have a rash on my skin that looks like dischromic patches, and I also have a lot of nodular eruptions and really bad itching. It has gotten worse over the last week.",fungal infection
"I've been feeling really sick lately. I have a fever, swollen lymph nodes, and a headache. I don't feel like eating anything, and I'm really weak and tired. It's hard for me to concentrate on my daily life.",chicken pox
"I have developed skin rashes made up of blistering sores. The blistering sores are raised, fluid-filled lesions and they are painful to touch. I am also suffering from a high fever.",impetigo
"I feel like I'm going to pass out when I have a fever. My head is spinning, and my heart is racing. I can't think straight, and everything is blurry.",drug reaction
"itching,skin_rash,stomach_pain,burning_micturition,spotting__urination",drug reaction
"Hello, Mom and Father Recently, I've felt incredibly worn out and have had a cough that won't go away. My fever is really high, and my breathing has become shallow. Additionally, I've been coughing up a lot of mucous, thick sputum.",bronchial asthma
"Doctor Due to a high fever, I haven't been able to breathe via my nose or mouth for a few days and feeling too tired.sometimes mucus has been seen too.Please recommend some medications for me.",bronchial asthma
I have a metallic taste in my mouth and my sense of taste and smell have changed. I also have joint and muscle pain.,drug reaction
"pus_filled_pimples,blackheads,scurring",acne
"I have a really bad rash on my skin. It's really itchy and painful. I also have a fever, headache, and fatigue.",chicken pox
"I've had a mild fever for the past few days, and it's starting to worry me. The fever has been accompanied by a severe headache. I feel weak and lethargic.",chicken pox
"I have to pee a lot, and it's hard to hold it in. I feel dizzy and confused. I can't see very well.",diabetes
"I have a mild temperature and blood in my pee. My head hurts almost constantly, and I frequently experience severe, involuntary desires to urinate. Additionally, I've been experiencing lower back ache",urinary tract infection
I have a rash all over my body that is red and swollen. It is itchy and uncomfortable. I also have a fever.,chicken pox
"I've gained a lot of weight and am now quite fat. My appetite varies, and I have desires for various things.",drug reaction
I have a rash on my face. It is made up of blisters. The blisters have a yellow fluid coming out of them.,impetigo
"I have been experiencing acidity, indigestion, and headaches, as well as blurred and distorted vision, excessive hunger, a stiff neck, depression, irritability, and visual disturbance",migraine
"I'm shedding hair, and the texture of my hair has changed significantly. My dry, itchy scalp and dandruff are becoming worse. My skin is also becoming pretty dry.",drug reaction
I'm feeling really nauseous and uneasy. I'm not sure what it might be. I've seen rashes on my arms and legs. I have lost my appetite and feel exhausted every day.,chicken pox
I have red sores on my face and near my nose. The rash is spreading quickly on my neck and chest.,impetigo
"I've had back pain, a cough that won't go away, and limb weakness. I've been experiencing neck pain, instability, and balance concerns.",cervical spondylosis
"Along with my intense scratching, chills, nausea, and high fever, I've also been feeling really unwell. Along with my headache and excessive sweating, I've been suffering from severe muscle pain and nausea.",malaria
I hace difficulty in breething and shortness of breath. I cough uncontrollably and get itchy eyes and swelling on my face and other body parts,allergy
"I have been feeling stiff, my neck is stiff, my joints are swollen, and I have muscular weakness. I also feel uncomfortable when I walk.",arthritis
"I'm feeling really tired and weak lately, and I've had this cough that just won't go away. My breathing has become shallow, and my fever has been really high. When I cough, I've been producing a lot of thick, mucoid sputum",bronchial asthma
"Recently, I've been feeling terrible. My fever has been through the roof, and I've had a persistent cough and breathing problems. I've been coughing up a lot of phlegm and am also feeling quite weary. Dealing with all of these symptoms has been quite difficult.",bronchial asthma
"chills,fatigue,cough,high_fever,breathlessness,sweating,phlegm,chest_pain,fast_heart_rate,rusty_sputum",pneumonia
"The prominent veins on my calves are causing self-consciousness and embarrassment. They are swollen and protrude from my skin, making them very noticeable.",varicose veins
I have a high fever accompanied with severe headache and body pain. I experince chills every night. There is a distinct pain behind my eyes too.,dengue
"I've had a high temperature, vomiting, chills, and intense itching. I also have a headache and am perspiring a lot. I've been really uncomfortable lately from nausea and muscle ache.",malaria
"My joints and back pain everyday. I feel like vomitting and this has made me very weak. Because of my body pain, I am not able to focus on my work and don’t feel like doing anything.",dengue
"I've been having a terrible cough, I can't breathe well, and I'm so tired. I've been coughing up a lot of thick, mucusy stuff, and I have a fever. I feel really bad.",bronchial asthma
"I'm sweating a lot and can't catch my breath. I feel really sick, my throat is full of mucus, my heart is racing, and my chest hurts. I'm coughing up thick, rusty-colored mucus.",pneumonia
"I've been having a lot of pain in my joints, and it's been hard to move around. I've also been feeling really tired and weak.",arthritis
"I have a rash on my legs that is giving me a lot of pain. There appears to be a cramp, and I can see visible veins on my calf.",varicose veins
I've been coughing a lot and having trouble breathing. My throat hurts and I feel like I have a lot of phlegm in my chest. My nose has been running a lot and I feel really stuffy.,common cold
"I feel I have a skin condition. My face has rashes and little blisters around my nose. The wounds have turned red and painful, and a yellow liquid is oozing from them.",impetigo
"I have been having loose, watery stools many times a day. I have lost my appetite and am always sick. I am also developing a mild fever. My abdominal part pains a lot. I don't know what the reason behind all of these is.",typhoid
"I've been feeling sick and feel a strong need to vomit. There is a sharp ache behind my eyes, and swollen red dots all over my back.",dengue
"itching,vomiting,fatigue,weight_loss,high_fever,dark_urine,abdominal_pain",jaundice
"headache,dizziness,loss_of_balance,lack_of_concentration",hypertension
"My tendency is to belch and burp frequently. I frequently get chest pain that spreads to my arm, jaw, and the back of my neck. There is pressure and stress in my chest.",Gastroesophageal Reflux Disease
I have been experiencing severe joint pain and I am unable to move. I have also lost my appetite and feel weak.,dengue
"My vision is foggy, and it seems to be growing worse. I'm constantly feeling worn out and exhausted. Additionally, I occasionally have severe lightheadedness and dizziness.",diabetes
"I have no energy and have lost my appetite. I'm feeling really sick and don't know what's wrong. Also, there are small red spots starting to show on my skin.",chicken pox
I have red spots on my arms and legs that are itchy and inflamed. I have been feeling sick to my stomach and have a constant urge to vomit. I also have a mild fever.,dengue
"I frequently have exhaustion, a terrible taste in my mouth, and throat itchiness. My muscles are also burning and uncomfortable. Sometimes I have cramps all throughout my body.",allergy
"I've been having a hard time breathing lately. I've been coughing a lot, and it's hard to get a full breath. I'm also feeling really tired and weak.",bronchial asthma
"I've acquired skin rashes with blistering sores. The blistering sores are fluid-filled, elevated lesions that are unpleasant to touch. I'm also running a high fever.",impetigo
"I have a rash on my skin that is itchy and uncomfortable. It is also red and flaky. It has been spreading to other parts of my body, including my chest and abdomen. I am also facing skin peeling.",psoriasis
"My muscles have been really weak, and my neck has been extremely stiff. My joints have swollen, making it difficult for me to walk about without feeling stiff. Walking has also been really uncomfortable.",arthritis
"My stomach hurts, and I frequently acquire a temperature. I experience sudden, intense cravings to urinate. The discomfort is virtually always there and frequently gets worse at night. My pee nearly always smells bad.",urinary tract infection
"I'm feeling really sick and lost my appetite. I've seen little red patches on my arms, neck and face that itch when I touch them.",chicken pox
I have some strange veins on my legs that I'm not sure about. I'm a bit overweight and I'm worried about them.,varicose veins
"I've been having a strange odor in my urine, it's been red or black, and both. My body temperature has been fluctuating a lot, and it keeps me up at night.",urinary tract infection
"I've been feeling really tired and weak, and I can't seem to get enough sleep. I also have a rash on my neck that itches really bad.",dengue
"I'm dripping with perspiration and can't seem to catch my breath. My throat is filled with a lot of phlegm, and I feel awful. My heart is pounding, and my chest aches. I'm coughing up a stringy, brownish mucous.",pneumonia
"skin_rash,pus_filled_pimples,blackheads",acne
